date,ozone,pm25,co
2023-01-01,57.440675196366236,18.758118853057574,0.9511694901182274
2023-01-02,65.75946831862097,26.725029098346297,0.8140280707137864
2023-01-03,60.13816880358219,16.97075965109306,0.8014030196233619
2023-01-04,57.24415914984485,32.12133178702874,0.6869949493191658
2023-01-05,51.182739966945235,25.700750605736822,0.9455673249108166
2023-01-06,62.294705653332805,25.9886616275155,1.1499139395762974
2023-01-07,51.879360563134625,14.831612046713566,0.7050742984357679
2023-01-08,74.58865003910398,27.703359282106675,0.976817792184942
2023-01-09,78.18313802505146,24.08183166341424,0.5291183235876129
2023-01-10,49.17207594128888,12.200608201391287,0.5758298155396104
2023-01-11,69.58625190413323,9.816164674557692,0.45148699018340765
2023-01-12,56.44474598764522,28.89174423551995,1.4678045870476963
2023-01-13,58.402228054696614,33.77499809105667,0.4042463866612872
2023-01-14,76.27983191463305,18.744164817801284,0.5964379648634219
2023-01-15,33.55180290989435,22.72952495971055,1.0741534284286915
2023-01-16,34.35646498507704,30.73167932580664,0.48950655873863586
2023-01-17,31.010919872016284,18.716703600615713,1.3700861534065156
2023-01-18,71.6309922773969,33.556234304982084,1.191582173626517
2023-01-19,68.90783754749253,22.272534861346173,1.4630289685816829
2023-01-20,73.50060741234095,29.623013621039448,0.9583991019648415
2023-01-21,78.9309171116382,32.26531155238215,0.730444051474336
2023-01-22,69.95792821083617,29.465714563057066,1.0044506300747986
2023-01-23,53.0739681126466,9.782433903468679,1.4239005890277707
2023-01-24,69.02645881432278,23.866953171851012,0.9728375809660467
2023-01-25,35.91372129344666,16.953027758590313,0.6939277350485505
2023-01-26,61.99605106637619,6.881388560700371,1.3651386680915318
2023-01-27,37.16766437045232,17.720967556695257,0.8091106233637075
2023-01-28,77.23344585247919,12.760522006682232,0.40152168499889906
2023-01-29,56.09241608750358,30.471149252855323,0.6724535247415475
2023-01-30,50.73309699952618,5.999138796400886,0.7500568600947687
2023-01-31,43.227780605231345,33.76948165590421,1.3446552150550923
2023-02-01,68.71168447171084,15.661065454157889,0.9043534837730896
2023-02-02,52.80751661082743,15.701206712076287,0.8890460165924309
2023-02-03,58.42169744343242,5.489855080511237,0.7697124930398762
2023-02-04,30.939490021817758,10.556969757085518,1.3687459353517877
2023-02-05,60.88177485379386,17.03778502410826,1.4395294546344308
2023-02-06,60.60478613612107,32.87874251908141,1.4910793620700926
2023-02-07,60.846699843737845,7.9884479066381395,0.8144153936570855
2023-02-08,77.18740392573122,33.35904600437239,1.4627621901898884
2023-02-09,64.09101495517417,31.084655916398965,1.2710675265939915
2023-02-10,47.9753950286893,18.624871907226556,1.1432580624086937
2023-02-11,51.85159768996707,14.801026453047802,0.6693784273621094
2023-02-12,64.88155979636323,11.982323878371705,0.6381029870386308
2023-02-13,33.01127358146349,23.43394119430623,0.5826526069733703
2023-02-14,63.338335772283386,5.992237744265169,1.415032271247902
2023-02-15,63.53189348090797,5.468181933404846,0.7234843286214827
2023-02-16,40.51912805369204,17.863871674947134,0.8984036699937663
2023-02-17,36.44631488274267,7.042222219241606,0.9433536173859459
2023-02-18,45.77141754620919,12.558229647382788,1.2559887549952795
2023-02-19,48.18553854713113,11.634827460382516,1.3286584577083267
2023-02-20,58.50983852089398,12.595735811685557,0.5529799712634741
2023-02-21,51.93007567311602,8.931656936457733,0.869594796232181
2023-02-22,79.41869190296131,5.361086686929628,1.327140376619003
2023-02-23,35.1022405374014,8.464528914162443,1.2998366363314222
2023-02-24,40.44383780474173,23.554407785382438,0.5126551342976581
2023-02-25,38.065475894249815,34.227686384541514,0.5720216837547594
2023-02-26,62.65541627326992,34.71035004682682,0.7346185607593487
2023-02-27,42.66458012698911,17.271622861191847,0.4828949759916744
2023-02-28,53.31553864281531,9.888632781398162,0.8671293031246523
2023-03-01,42.22127960008014,24.16285272099588,0.5183794756645401
2023-03-02,37.94847918227599,19.709160396462114,1.0250393530368296
2023-03-03,35.51875705821526,34.68229331853294,0.6712126337922717
2023-03-04,62.81647947326367,6.959126214553406,1.056076371884585
2023-03-05,36.90914756743069,28.497033149414392,0.5292782071940014
2023-03-06,39.82911808400267,13.651954919944817,1.4734722552603867
2023-03-07,48.4362585330482,12.242558602297219,1.4258173242430745
2023-03-08,71.04966149239675,24.87513714598028,0.8309766324211325
2023-03-09,34.855063789653066,12.381895549728934,0.666396453538694
2023-03-10,71.8972453749402,24.97577352677563,0.6754380341389301
2023-03-11,34.80492039469815,20.51925551606866,0.9317328887226313
2023-03-12,78.82297325066979,17.722669653075478,0.44399208209078866
2023-03-13,53.43256008238508,21.64063425984257,1.1036756166826398
2023-03-14,78.83805440951686,13.611545597588892,0.8491331991737193
2023-03-15,60.2422759872523,26.197241188189366,0.8151472298477761
2023-03-16,66.96317896991508,17.44570608000692,1.2903014686381185
2023-03-17,31.959389612716034,15.816366814576767,1.179939006201619
2023-03-18,44.14034812882048,29.85970743667213,1.4497671969319614
2023-03-19,36.00982806065844,32.74900735859576,0.7871298645452598
2023-03-20,44.807009876107244,6.380219326618908,1.3872970411143462
2023-03-21,35.9363859477122,11.978809784892965,1.246963904875098
2023-03-22,45.8991589696988,15.455581084776897,0.7931671167541844
2023-03-23,50.7131497257335,29.448994381107422,1.0838319800985836
2023-03-24,33.20737481743922,34.56474282929892,0.7174269534168651
2023-03-25,64.62360596850098,34.06915114011055,1.3618399087823265
2023-03-26,58.33007271032876,32.148450366497805,0.5236700489335424
2023-03-27,43.26947454697227,13.896687951920896,0.6336777974234452
2023-03-28,56.16240267333498,34.76033730243422,0.6013366212879133
2023-03-29,34.69702553792209,12.482601231693536,0.8433286026447175
2023-03-30,58.79732477780897,8.177184646466966,1.219756256035342
2023-03-31,76.46480987881071,33.52857833166182,0.9795981939573984
2023-04-01,45.92844762256618,12.00260766404289,0.9364439558920283
2023-04-02,63.37051899818408,25.693047952332513,0.40060056138669525
2023-04-03,36.58989312021961,6.75069076941766,0.8679418978905602
2023-04-04,65.81636020592828,26.921272973824284,0.4699091523197743
2023-04-05,44.47030464736005,31.45160637001519,0.6290785773336323
2023-04-06,39.15956810035584,13.173106863978875,1.425633332856544
2023-04-07,59.325646740504155,16.371706882322854,0.636938024777562
2023-04-08,31.005377309374676,16.22888549962748,1.3441714024976887
2023-04-09,71.44700146086817,27.463647726203995,1.2831827087174679
2023-04-10,30.234773809627352,12.134217276171166,0.5750608606364671
2023-04-11,63.8908268398115,10.15559297142929,1.0662831529973067
2023-04-12,43.500398659608244,18.478749460632145,0.5272280590955147
2023-04-13,66.75970110612974,14.134052221319585,1.2006769742064627
2023-04-14,78.1094272558719,30.175673667759572,1.1012085051094274
2023-04-15,42.4376571759979,12.132254780469163,1.2931324178601213
2023-04-16,58.807866720891845,20.071683724677843,0.9273230043281069
2023-04-17,59.60209656359195,33.27750799093791,1.4063493966167213
2023-04-18,58.61259528954367,24.019930932339822,0.45428384146728373
2023-04-19,41.154081632030916,31.018682163873944,0.7221774215297161
2023-04-20,77.63745057584924,33.20629068064302,1.186557857211684
2023-04-21,52.35626893088137,27.522945856590557,0.859920132922801
2023-04-22,72.3204336235564,25.98725180674254,0.5902464896982721
2023-04-23,64.97396376587523,34.03896699812681,0.5179318199714007
2023-04-24,44.87184754275668,34.832023689430386,1.2990730226077836
2023-04-25,70.68989098512387,18.55465048009279,0.9204572763122087
2023-04-26,49.82528704234923,7.126093345526251,1.3705120391110182
2023-04-27,74.05515985555809,13.783820943215567,1.2066180477483988
2023-04-28,59.063643631792935,9.570641170631914,0.850698826193818
2023-04-29,74.08676809274263,17.524591243880355,0.8108621155712521
2023-04-30,64.6265795038883,8.93867985419768,0.967202181316377
2023-05-01,66.26271399098204,23.12353412062646,1.3779659485087015
2023-05-02,55.06621909633512,16.484241774735622,1.211006437685585
2023-05-03,77.8041817361612,31.8615765286463,0.4056682606959256
2023-05-04,62.19950996148187,34.033840153955055,1.163573636506038
2023-05-05,51.192752427908985,21.406547050082665,1.4114581475964028
2023-05-06,60.31966070639622,13.244707096027899,1.1815013354549408
2023-05-07,30.959659915466677,22.766912562855104,0.5947063597242456
2023-05-08,45.078740833727466,31.902834746732296,0.9318699401702046
2023-05-09,63.008676874634254,17.202000375072448,0.5543476197157614
2023-05-10,44.5038803605222,21.562348300759126,0.7948948061735953
2023-05-11,60.90077144994208,13.149583028184376,1.4308287461345697
2023-05-12,51.43843504728831,18.66332448350081,1.415635838314579
2023-05-13,36.77370321112251,17.051406061387958,0.7111205373936913
2023-05-14,44.91411629780154,12.452403952489131,0.773594148582819
2023-05-15,58.49824553506325,20.17599151475925,1.0602341549444234
2023-05-16,59.54363806240866,14.311424779394343,1.4595170247864182
2023-05-17,58.716262442478936,16.191045916422425,0.5625814674719295
2023-05-18,62.66004099285668,20.749113267627926,0.682608308055336
2023-05-19,62.605163500084444,27.517850687869625,1.3609125100198487
2023-05-20,51.57092177169869,15.00522397373826,0.941081454879179
2023-05-21,74.82732979255314,32.72476299862291,1.388857201449735
2023-05-22,48.378093502394826,30.86955640507707,0.6040696872754939
2023-05-23,51.79324626328134,6.460708879265856,0.9859354462184968
2023-05-24,74.59616775078361,12.609275727704683,0.7588965959143097
2023-05-25,70.30969945230429,18.384065379776057,0.7481968158817237
2023-05-26,65.19442917701832,8.138836662274223,0.8915646603408192
2023-05-27,35.01134436561506,15.454279671004912,0.8763851940113954
2023-05-28,75.97413068723367,27.202925768530474,0.7930815676457499
2023-05-29,65.71206497745557,25.415434434284776,1.4064678473471806
2023-05-30,79.94235032839333,23.671532856980146,1.2049186039761821
2023-05-31,37.472415232899685,26.315852081670368,1.2003016904646828
2023-06-01,73.4063028684107,11.147710608791053,0.7189047945511511
2023-06-02,38.12464673381874,15.250943445941964,1.0354803667485246
2023-06-03,60.77797821419221,25.287274468323886,1.2570973766320175
2023-06-04,36.19099914247207,31.377042890939812,1.2751494053975345
2023-06-05,72.40041146611172,21.310341614842855,0.7789835068297435
2023-06-06,70.36594793625054,13.480989528366099,1.2479600322255129
2023-06-07,58.45503693072966,5.907057740179478,1.2094832864885063
2023-06-08,50.35916486129999,26.3101048692264,0.5556571341840904
2023-06-09,33.458349772756904,5.2365231052532115,1.352540015423125
2023-06-10,64.87143865722818,16.180372094629867,0.885453617198452
2023-06-11,52.677134133903444,20.916116436883456,0.935051493777532
2023-06-12,66.10277997351739,32.66334385301579,0.893206096787797
2023-06-13,73.31911629643146,7.684836350987004,1.0246306016252582
2023-06-14,78.77607525014429,17.17826965904851,1.0832861721037603
2023-06-15,72.79016711963055,5.729395991304733,0.9479975223392378
2023-06-16,30.5857042092501,15.27832953024771,1.3534673975850051
2023-06-17,47.99890322391819,23.666931765193848,1.090508231814813
2023-06-18,66.4995281212029,13.372038446857951,0.841570744236072
2023-06-19,38.58148386307202,11.292498489669054,0.8583609325995821
2023-06-20,56.05183031020647,8.47109699981281,1.2919224766418467
2023-06-21,32.71689941696268,22.314207320610254,0.7830111370211721
2023-06-22,39.99982624482,25.85810017714058,0.632600275360655
2023-06-23,30.9260897230307,25.15871421787467,0.4653215068063682
2023-06-24,69.68488516787103,33.465830621615225,1.3636295327126318
2023-06-25,41.196234403019005,5.081096416805081,1.4104010963093851
2023-06-26,47.267584034845136,24.41589961682108,0.5321322003798237
2023-06-27,76.40406467327955,23.011767112929185,0.7679211156457264
2023-06-28,65.22072009617665,22.662188299108646,0.5929092764667683
2023-06-29,31.591946476565393,33.88310959520727,0.5274883157084678
2023-06-30,38.23470782489564,5.506150201101191,1.3898534173000332
2023-07-01,61.07392007498818,25.8944729210435,0.462564985059891
2023-07-02,58.861429430208375,29.410359491055903,1.4785342298159074
2023-07-03,41.894641068725434,20.294215898647522,0.5060959467671227
2023-07-04,76.71069989623969,15.018946087904276,1.3498177141129444
2023-07-05,60.6982977982948,28.72520489682215,1.023156717688079
2023-07-06,56.78164015124791,7.91728776897274,0.8047092365996608
2023-07-07,59.495498817728546,18.261069131897756,0.7765766142876738
2023-07-08,66.50610147583848,20.598571237125146,1.2331005575614797
2023-07-09,45.597249773980096,25.818692328036427,0.7460306245047159
2023-07-10,49.911053110804595,7.726571960972284,1.123050808278856
2023-07-11,40.492187448756106,11.832785046135829,0.9690586918676882
2023-07-12,39.309650294016805,17.309046880703768,0.9334622096738776
2023-07-13,77.21861949919668,23.69884019060392,1.391278387714078
2023-07-14,66.97753975246438,31.608823436522524,1.0101095644822857
2023-07-15,54.52294043087835,23.564785047241294,1.3095477633535646
2023-07-16,41.370731398666166,9.003844128048033,1.1981308875116383
2023-07-17,42.71782408851965,34.41740398361847,0.4424129706648982
2023-07-18,32.90145801619378,31.153572042664788,1.2504210577559611
2023-07-19,51.72083127790604,20.08162283435972,0.6385572751001447
2023-07-20,45.58979409970513,32.67043945389899,1.3934646115367286
2023-07-21,64.81717444077297,21.241423812714075,0.4472166096697152
2023-07-22,48.88759196462405,32.6991820366749,0.7663792379217507
2023-07-23,38.980183877981744,29.896921058100297,0.5097062419582294
2023-07-24,31.23393641956656,34.048592308828916,0.9231480287933281
2023-07-25,33.36248157316243,32.593484323344754,1.3020246794567272
2023-07-26,63.96963867492836,6.081014522857084,0.7280060956293706
2023-07-27,52.684842227802264,10.243160124828199,0.5660283870421458
2023-07-28,56.82896055543611,16.674040313035572,0.7632937392665892
2023-07-29,74.8335646520171,33.56428091886262,1.2952681561126997
2023-07-30,79.51694736983521,14.000867584277888,0.5544223535792816
2023-07-31,40.844849219923695,9.81402931662803,0.650098693985252
2023-08-01,63.153910155005036,31.589139982596798,0.47573716094271135
2023-08-02,43.166118836857535,18.391832464496087,1.1762810483885686
2023-08-03,31.032549973286436,32.236267830629785,0.8347565678899705
2023-08-04,67.91893269180707,9.806913989604297,0.7419239748576476
2023-08-05,46.000857541123395,24.833525345242986,1.1904890293752672
2023-08-06,49.1731947085949,18.207912584884753,0.7695752965742808
2023-08-07,59.415855677680284,7.294603070908562,1.20054840053586
2023-08-08,71.55242276180952,25.893894339575017,1.2967193348457449
2023-08-09,61.44909217955744,12.421962666174611,0.6394291278035124
2023-08-10,73.63253277236976,6.1884656773855315,1.4712005665305816
2023-08-11,43.67710174078179,6.798328947487198,0.5785937427039335
2023-08-12,69.9023416956282,6.8323561120036205,0.7199249973224169
2023-08-13,39.28179721529761,32.23198872455119,0.5977748199168958
2023-08-14,77.63958284859723,27.19651753487303,0.780056221991968
2023-08-15,64.37441381939077,31.94187071641205,0.9280669766028312
2023-08-16,40.77538385567792,25.17746933889564,0.9743934559023311
2023-08-17,77.36852952444622,20.868197870926494,1.3389666465258994
2023-08-18,66.5427903385079,14.133390930421347,1.3783926996974531
2023-08-19,42.697082129751294,34.938867539860205,0.6421142468589971
2023-08-20,40.6655988683741,15.86567176818168,1.085183435404328
2023-08-21,55.910035696533164,19.119468476417286,0.5226456630285872
2023-08-22,31.283135902726578,16.347355247703852,0.9048668462002752
2023-08-23,40.37350377205547,34.38580788006376,0.75456689185128
2023-08-24,51.23427343757531,10.239751561850174,0.748150819998967
2023-08-25,48.70849901671128,14.83964002724239,0.9308426658833112
2023-08-26,53.178771218240534,25.410459980450046,1.2028103990821943
2023-08-27,43.88143531473659,6.896228550158919,0.47610092467162846
2023-08-28,59.33921732290844,23.21748122034623,1.367090671456145
2023-08-29,73.19278029616157,19.329395086292482,1.2082951520936174
2023-08-30,35.876592798101655,13.519999302863033,0.5941493277779661
2023-08-31,55.86895535770571,12.15239842772174,1.4330769999961075
2023-09-01,36.60340531725767,20.4353822989627,0.9569434464257275
2023-09-02,65.84298405962969,16.03782741611124,1.4997894359286619
2023-09-03,49.80298514036468,18.69559673787966,0.6169854217308115
2023-09-04,58.27106559292545,15.124321452927198,0.9883990182215215
2023-09-05,39.16399181070393,34.11481080787932,0.7192728468159213
2023-09-06,37.24238796716886,9.003182952368121,0.7345909131281713
2023-09-07,54.40281403244773,7.9041185953512265,1.0501719189173893
2023-09-08,47.78063689249778,15.301751863727482,1.4138909735579168
2023-09-09,77.02159726264065,22.73080702611474,1.2857902411370925
2023-09-10,68.26626269034827,24.77529415550085,1.1963355383514584
2023-09-11,67.43318099252735,16.917702415041262,1.0150911603118726
2023-09-12,75.18598698729667,34.97833981766513,1.4145283540341924
2023-09-13,34.171121772100925,15.556789885791279,0.9415975473599726
2023-09-14,57.60962349612033,26.642200038798574,1.36121539616819
2023-09-15,59.22380344778844,24.127480835923787,1.317379808264295
2023-09-16,78.09681892736145,29.39161589742382,0.6352188814817452
2023-09-17,44.60737633962744,34.2867699036146,1.2483480092625014
2023-09-18,42.04143899577234,31.693809693366205,0.41338827263758465
2023-09-19,35.01469711327489,27.936859230731258,0.7551124913028964
2023-09-20,30.82148147957371,25.947454334548716,0.6525241891611449
2023-09-21,76.47646583960952,15.06494509027699,0.9575492543360449
2023-09-22,63.495827329545506,9.43056734620122,1.2105384778488641
2023-09-23,69.2576456011569,6.879080091794293,0.5074440041924966
2023-09-24,44.086505287697456,12.257051126044544,0.9664144221304454
2023-09-25,59.32050830931634,17.968444435438958,1.4322532238638241
2023-09-26,33.197763306049055,20.659888208899474,0.65151120608124
2023-09-27,54.281379796731144,28.19250662164615,1.1448552585225666
2023-09-28,78.87475698722234,33.76222769169779,1.0521682978592732
2023-09-29,73.82526226582954,8.519614411544332,0.4110700652217027
2023-09-30,46.90794759184228,8.210124205813747,0.9234088154429451
2023-10-01,78.07850772707494,22.690841690406522,1.1796474300351536
2023-10-02,41.585081323560225,27.36194221841879,0.44837297522649966
2023-10-03,77.46594112078407,30.444511410409547,1.3674736313261033
2023-10-04,77.06888523532493,33.07496240650366,0.9720895582992405
2023-10-05,69.96012936761959,34.50278726781926,0.43372715315828975
2023-10-06,61.52239684333956,16.994050766735775,0.6468549731129243
2023-10-07,73.71439833124735,16.410055505827195,1.4490432660700443
2023-10-08,44.65101422538984,9.434260300918172,1.040551706357261
2023-10-09,72.4471777656459,25.548033160506783,0.518219824545685
2023-10-10,60.893834595876186,24.70285875322511,0.7162989525086176
2023-10-11,30.661842887944974,30.86187787553622,0.9023739884465327
2023-10-12,47.361675896610976,7.917739843629219,0.42304507619450354
2023-10-13,37.40704304740825,19.933307234760253,0.8527770649751347
2023-10-14,79.09146949091266,22.432457890161892,0.938404498978168
2023-10-15,53.9185153519994,12.246711201197552,0.6680456628093554
2023-10-16,54.86956827493313,10.070762183874837,1.0475029003211853
2023-10-17,61.97362581993618,30.787425092588645,1.2285641315513947
2023-10-18,48.429230306480875,6.756047667066763,0.659417646516199
2023-10-19,36.84501358427995,19.118627117542186,1.0825498903079867
2023-10-20,71.10588665971227,8.475020039026559,1.1035844672601158
2023-10-21,39.4923955951379,18.71176283994102,1.4433943312417252
2023-10-22,55.5659491273228,34.39886979026927,1.2561037840260882
2023-10-23,41.21585144873696,17.711190603664186,1.3331797967690067
2023-10-24,34.8922242247017,30.71374752513702,0.9394618992799028
2023-10-25,73.10957587108416,8.519466925495816,0.6038834456773212
2023-10-26,78.64597445115652,13.137562302855924,1.4953968222555987
2023-10-27,78.04173290315,17.113782220020035,0.5422913371425696
2023-10-28,75.32777496105895,16.99436420027992,0.918603051289692
2023-10-29,68.70236663493193,25.141504360104594,0.4749024091663173
2023-10-30,46.65725760143209,15.34154382126523,1.4382359430859015
2023-10-31,34.055069499399835,26.413006052300492,1.4614174349332836
2023-11-01,50.362058570690365,24.175606976761774,1.1913279682043711
2023-11-02,41.61170710854714,16.974834357643193,0.7849921279931859
2023-11-03,36.62438173789915,17.952803829629577,0.6798206412293868
2023-11-04,32.671359089341266,23.435830994309622,0.6918336569907522
2023-11-05,66.27971821052894,7.101265704339339,0.5400234279620822
2023-11-06,30.571372931251553,29.67220215067071,0.9783898483843952
2023-11-07,68.52903742513881,24.602634833409105,0.5559990032716253
2023-11-08,37.347332270018754,26.790273932535058,0.7484037332088019
2023-11-09,33.976104129337784,21.107690032471712,1.0893771235550154
2023-11-10,34.48015171193027,8.314313329752341,1.200297970549825
2023-11-11,63.60239036769572,17.1510683989085,0.4266999750842674
2023-11-12,42.26836049264224,17.161207485456682,0.873127582814414
2023-11-13,51.02697333400492,14.631289701296508,1.117337054326353
2023-11-14,57.868439566195846,5.898509747142481,1.3385705737743643
2023-11-15,73.02755869143968,27.117627277894318,0.9228572604332907
2023-11-16,66.35221313556642,8.29353374187502,1.466126458889454
2023-11-17,43.51639526193573,23.189243991352555,0.6921958022955921
2023-11-18,36.57413996455638,26.096524894016472,0.41485957728939077
2023-11-19,32.768716021059895,24.043589688010844,0.9321281511719098
2023-11-20,45.07993172404713,33.77426755933925,0.6817251745220199
2023-11-21,43.10590746198391,8.09894465255416,1.3060894392254863
2023-11-22,52.80702834002398,31.015014773155976,0.6560499393992234
2023-11-23,64.16406677738402,5.875707045467397,0.741692140120437
2023-11-24,64.78127228194286,21.047505647812518,1.2703501741210235
2023-11-25,44.17594232910833,17.127308538177765,1.186657577227896
2023-11-26,48.996347795006024,20.72551581181275,1.0138563603229889
2023-11-27,39.05754808684515,15.952996311800295,1.1754428681150355
2023-11-28,69.42727561532593,10.717007448202041,0.8605005499270292
2023-11-29,32.84240382166202,5.573686923460693,0.4058410523761346
2023-11-30,64.84986208624937,20.54449441373523,0.41249064136341185
2023-12-01,68.93476979705517,30.28330588054527,0.9623439663310553
2023-12-02,68.87037809243765,16.196478672343822,0.4916200776908992
2023-12-03,42.97112821726775,11.685914540449406,0.4561830281861825
2023-12-04,48.69065689662807,7.415960104155323,1.462068303051221
2023-12-05,59.37998175981945,7.559327693561101,1.3449029036238644
2023-12-06,43.64109512122335,11.641893388783167,0.5672299499305264
2023-12-07,48.542639960894434,8.000421827646655,0.40073064044922496
2023-12-08,39.85271400928198,12.95119095093446,1.435834574928732
2023-12-09,52.99279418780037,6.9844838635086415,0.7061578281521258
2023-12-10,32.2306150627057,6.968146016297769,0.6044873631410472
2023-12-11,69.9897942285309,30.688285388683457,1.160658918614689
2023-12-12,33.847822349331636,9.863607821264997,0.5197941127254588
2023-12-13,55.9417574415763,21.79047217470344,0.6911145578030804
2023-12-14,45.340504977259805,28.203666333470917,1.472604148233251
2023-12-15,58.87714744156877,18.692286960171998,1.1034090519214113
2023-12-16,77.97166704167125,9.601066335780372,0.972745570630809
2023-12-17,62.278512222800195,10.98788426360343,0.8377104763184315
2023-12-18,31.768121787774547,17.98952618843542,1.2519510503726223
2023-12-19,51.52012197540306,20.847022675356072,0.5550532241760631
2023-12-20,55.50084261591251,15.483208761456046,1.4640715822406807
2023-12-21,56.8088747351726,28.44438800703984,1.3472353088723654
2023-12-22,64.0696255301919,27.530649465691955,1.0794226808261675
2023-12-23,43.8798048865883,32.816354221193535,0.44719680944281404
2023-12-24,36.44302827331601,5.868576470808816,1.1709412143925115
2023-12-25,49.63378382735472,31.8707387363061,1.4046127749740291
2023-12-26,77.82028613979745,16.77706365386453,0.9770347742264887
2023-12-27,39.35654458754224,31.351174861399823,0.7896473040099892
2023-12-28,75.19919774641184,25.723543284695886,0.5323050794774167
2023-12-29,57.19029750386632,34.620462712219044,1.2303912145513252
2023-12-30,52.84557108228829,27.778473551500042,1.373524036332987
2023-12-31,74.10207051149447,15.936338779903599,0.5102769184834335
