date,stocks,bonds,gold,oil
2020-01-01,988.0156716534988,99.90185845582663,1489.1336791667466,57.87189163640225
2020-01-02,999.5054119733585,99.77224865237177,1488.372487329499,58.077105745991936
2020-01-03,1002.9715451074885,99.91346078957093,1481.6190156435914,58.823457529083434
2020-01-06,986.2361369602645,100.114157363524,1485.4242031313618,60.14139358809644
2020-01-07,980.0349949609277,99.76933403868645,1471.5330177400704,59.64752125406149
2020-01-08,998.812411747204,99.99679943105588,1475.1741290050809,59.55696888148323
2020-01-09,971.9498450137507,100.1928935322066,1480.8450293810088,57.61630361436999
2020-01-10,967.4792386173224,100.35143633744457,1492.7001994258683,60.15734975346453
2020-01-13,981.7154576866506,99.91566976529165,1520.9484709044762,62.17681906752092
2020-01-14,972.3606460081486,100.06583495999584,1491.4061511544617,62.12302429930566
2020-01-15,965.1486199958758,100.10329044817851,1496.157053519757,61.942125476773235
2020-01-16,964.3568241701519,100.41816653296969,1486.3934273209886,58.05735826470123
2020-01-17,981.0518565760434,100.99564684686806,1459.824674223099,59.388057918896244
2020-01-20,974.2169557462315,101.51366768047956,1471.706738766762,60.11980931322214
2020-01-21,969.5702367201046,101.5612768838599,1490.5790216362457,61.19689909797942
2020-01-22,965.0510605877569,101.57226463891567,1485.3016536633922,60.642620074851116
2020-01-23,989.744751487101,101.7862523523509,1488.4936373343037,60.00838630584008
2020-01-24,1014.8499837172562,101.44097385083064,1487.8214389044208,58.38635486101176
2020-01-27,1026.7298801039326,100.99004582534586,1494.1679259602101,59.38680268210042
2020-01-28,1031.496844843505,100.85135616253164,1506.8833801785486,61.039166517556225
2020-01-29,1040.420692187859,101.25136928049314,1512.0353430741534,62.56032742525764
2020-01-30,1058.4246570135174,101.1573637083124,1517.2168565969932,62.80886845899285
2020-01-31,1047.5178843165288,101.64884049293832,1535.6209123492397,62.347937828072546
2020-02-03,1061.8463885018245,100.77159197937549,1533.4692627225497,60.90852443671342
2020-02-04,1047.1212926603498,100.28050882082935,1547.1407820222673,59.96357557509617
2020-02-05,1039.8396569723304,100.25288578828962,1535.4064996947939,60.57499187928279
2020-02-06,1050.856247857259,100.54521118111161,1559.1401163828418,60.1862926743655
2020-02-07,1034.2316296138195,100.53463389396471,1570.2895456312765,62.394086302263965
2020-02-10,1032.8517943779766,100.51581652435895,1564.5506015253438,63.98917138527567
2020-02-11,1023.0675349085753,100.48874499239943,1533.8360121619687,63.13539436789143
2020-02-12,1020.3648145783044,99.94371849128136,1534.0673839870647,61.45560336689585
2020-02-13,988.7442074378353,100.32038091342102,1517.2649659364895,60.707050179827846
2020-02-14,969.3265363188316,100.11629441411287,1521.8008453524653,62.13973471736053
2020-02-17,961.9080371411413,100.47191613850251,1543.0491502695004,61.41600942879884
2020-02-18,972.3233956415756,100.46106168018257,1545.622310628795,62.149623134688156
2020-02-19,970.6566407646577,100.81112158526754,1543.2619536794891,61.368985155056194
2020-02-20,970.9337486750941,100.93168794772551,1548.4983192349994,61.82494648231833
2020-02-21,978.7880499359514,100.9092931094847,1552.9223540163482,62.5388330930606
2020-02-24,969.3204824895622,100.9927538084705,1518.868041911142,63.902570201898065
2020-02-25,972.6890949076787,100.5367581854653,1522.5640023218812,65.94333858240344
2020-02-26,964.0909872892981,100.55013829610904,1531.7495782885355,67.86497091505802
2020-02-27,945.6276805439063,101.10661942133561,1528.2355261981425,67.06532441453231
2020-02-28,941.6839481719139,101.53566414061956,1542.6691077579142,66.83734536875794
2020-03-02,948.0708429374995,101.23268330261821,1541.0460846285,65.11952972034342
2020-03-03,951.9586908351253,101.40561965380597,1552.4940285488497,64.77141874434679
2020-03-04,952.072008655471,101.49643358718372,1586.4443951331618,64.79554749313208
2020-03-05,978.4999328273983,101.76962182717037,1585.243846621985,64.21049812989271
2020-03-06,983.3409207007617,101.81142118977917,1556.657022770962,63.49111869348465
2020-03-09,994.5664110218972,101.74817714356956,1551.9525762783073,64.94180567529017
2020-03-10,1020.38798254055,102.18716567601645,1527.0831943316537,66.24341073809451
2020-03-11,1005.7791917654042,102.2685055416533,1536.164816496454,66.81797444717893
2020-03-12,994.2535540954506,102.6854251448077,1555.527793351996,64.95157362893676
2020-03-13,1014.3641799557963,103.0128054678017,1566.0305717536187,65.22927626250423
2020-03-16,1005.480952046318,102.91931729031072,1571.0191007413584,64.66843337489316
2020-03-17,1006.0741101308357,102.87693210034135,1561.7145911799787,66.56098290209998
2020-03-18,1018.6047666792252,103.51597286486873,1585.3838823891238,63.95745503350706
2020-03-19,1029.204991042197,103.59024114348404,1596.95411384432,63.163935815350214
2020-03-20,1050.155621756987,103.35480321710622,1601.4987196421578,62.34200202585448
2020-03-23,1068.3875501951306,102.97662971939666,1604.8485784670554,61.69387821932351
2020-03-24,1081.6952616060742,103.30485588596854,1606.7892894764996,62.999931805332515
2020-03-25,1072.5306810838435,103.36881777603442,1613.9180129575964,59.8059602390463
2020-03-26,1082.5150118580827,103.12301333705611,1604.8385247276167,59.522507345978596
2020-03-27,1086.6545242362633,103.35414685050503,1628.3857242978725,60.639558042730584
2020-03-30,1070.706242503655,103.41796172466637,1630.982209909341,61.954071137560895
2020-03-31,1088.3277084333754,102.8902350109986,1640.5083569432502,61.1985565242028
2020-04-01,1098.6132275575221,103.09295046668447,1634.052477182486,60.27830250198956
2020-04-02,1099.4583680573069,103.53857580032171,1640.103793726744,60.73024319719272
2020-04-03,1096.83397463172,104.38866679735249,1605.367600117646,60.92284149526562
2020-04-06,1082.305558048794,104.41205457077301,1588.737385155823,61.00614973249769
2020-04-07,1085.0315952921528,104.500514921096,1588.5101221132802,56.09229576284935
2020-04-08,1091.086383075333,105.04264288845127,1569.0245497312076,54.706523998855054
2020-04-09,1081.1255177449136,105.11047111613303,1605.8579892411653,53.66639429053536
2020-04-10,1095.7444270886454,105.21367008159295,1580.988160299011,54.42373399412144
2020-04-13,1082.4706158733454,105.01687606500897,1586.4079255683184,52.713463075556184
2020-04-14,1056.9902845265399,104.56859632173305,1611.6711945622424,51.50254531788538
2020-04-15,1069.7961186000457,104.88159679121145,1619.2663151386446,51.31913539300969
2020-04-16,1065.1839642149205,104.47363912247103,1614.774873535297,49.874567152929075
2020-04-17,1063.932186105984,104.86162240680841,1606.619124530899,50.57822270921187
2020-04-20,1054.1431761311635,104.61356191878286,1617.1211244050687,50.13542138484847
2020-04-21,1035.3831486780596,104.71293922247924,1605.1856302052636,52.19443389015622
2020-04-22,1050.4911101373527,104.60216356444107,1603.6209075280708,51.46634894695356
2020-04-23,1042.581566931105,105.00184966824774,1614.3769977309462,50.808244502917596
2020-04-24,1062.672029523421,105.11338559040739,1609.9348443372348,51.7089634860601
2020-04-27,1072.7159546289683,105.77606741691825,1611.5144201882874,50.95885945718465
2020-04-28,1069.1648829775436,105.42766852578067,1607.137739041323,52.67715595751036
2020-04-29,1056.348404400694,105.57723230675371,1592.722536157007,53.2323062023471
2020-04-30,1047.876667843603,105.60502391373777,1610.9676520650464,52.868191234976535
2020-05-01,1033.8299976453316,105.7102405932821,1632.564404929808,52.67246878171232
2020-05-04,1058.8560908843338,106.25507148183699,1627.936512640139,56.080121671541264
2020-05-05,1061.1008731397392,106.46328714406195,1624.1061139221995,56.67830659448676
2020-05-06,1075.3027053516932,106.09128747305998,1621.6276381825455,56.857353082592816
2020-05-07,1060.229041255413,106.28183798006201,1630.1553907268005,56.682120192318344
2020-05-08,1062.6766655598528,106.15490802877032,1616.5186063863832,57.98372706886173
2020-05-11,1077.2373505322614,106.00885020171444,1615.4153604470346,56.06561853405737
2020-05-12,1073.4247785820123,106.37076896027338,1619.6832607903063,55.83295315503947
2020-05-13,1086.3236292739723,106.1812676771257,1629.7898986952441,52.44286485591157
2020-05-14,1073.3177033816094,106.06644689518872,1587.7666996724006,51.821238004925306
2020-05-15,1057.1190907760738,106.08937675576671,1594.0756035855384,52.79050810599871
2020-05-18,1061.9454353737842,106.41815675358657,1599.5394177778662,54.41517345670714
2020-05-19,1057.657186220035,106.62543990513707,1615.0915309111847,55.13803322816488
2020-05-20,1065.6550183605584,106.55889971646204,1607.3271961870025,55.912391428995335
2020-05-21,1042.2852771623384,106.47973584293612,1599.71976224251,53.82781089146419
2020-05-22,1051.003246400497,106.10346634188919,1618.249401901256,53.02003375582229
2020-05-25,1082.702632333128,105.86191406156135,1594.7680080696784,54.7629418770515
2020-05-26,1082.674419874089,105.65599938785523,1619.755970412599,54.125206633434416
2020-05-27,1083.3678890781644,105.6183782915864,1659.6059667262384,53.95434270132283
2020-05-28,1085.8506392875342,106.29350636375112,1667.366555553946,52.99584533476462
2020-05-29,1063.4347861219667,106.07970592316458,1680.5006354355774,51.90746140938277
2020-06-01,1068.8563627614742,105.99300141403918,1657.2677159059172,51.36363298768186
2020-06-02,1049.8410756570825,105.32204036977922,1646.6799161946483,50.612156176076006
2020-06-03,1045.026809364905,105.53349766550815,1663.4782143481827,51.683523062330494
2020-06-04,1060.1268074254479,105.02243631840918,1669.4317910159673,51.921023783677114
2020-06-05,1051.5919181320974,104.73492195220541,1666.828576731597,53.09190014866038
2020-06-08,1057.853581885722,105.09132566690997,1670.757207615887,51.48420051767011
2020-06-09,1070.3422836002123,104.40879616093662,1679.0382994995953,52.885541627652835
2020-06-10,1074.0024608317356,104.45226100290705,1674.6521373598089,52.90190561258031
2020-06-11,1057.703837482083,104.72804191278111,1674.4516204399442,55.082358399335824
2020-06-12,1053.9907002835444,105.2444456354198,1674.1346723896108,55.00929636117655
2020-06-15,1077.9428300007971,104.95185954724842,1657.8259682923424,53.218819838114946
2020-06-16,1053.7400118844596,104.75773078179591,1663.1585543497351,54.73825379301398
2020-06-17,1050.7159687430053,105.36683053729281,1692.0056372117215,54.564846031599
2020-06-18,1044.423088245633,105.3705348012984,1720.1884805732561,52.02771003283855
2020-06-19,1046.1188529272772,105.13845650920044,1696.618197752741,52.185987139168496
2020-06-22,1055.2989878252845,104.91309431711412,1706.0533190070096,52.444130591159826
2020-06-23,1074.9972927259,104.60414281330983,1717.2417724840845,53.69451147439593
2020-06-24,1071.9797477823147,104.47130152315354,1710.8566219205727,49.602949337185244
2020-06-25,1082.1734038910718,104.84195929820478,1695.6007951829386,50.867122675560076
2020-06-26,1088.5985392738976,105.14752397583187,1674.8278387371222,50.329391452665234
2020-06-29,1094.7465689227083,104.77129564239078,1668.0613623788663,52.504312731603676
2020-06-30,1088.0441980651128,104.85409451306016,1673.844600590513,50.544143740608
2020-07-01,1076.0816943046243,104.73330964063415,1671.6035863241411,51.14716113488259
2020-07-02,1063.011843709371,105.00371745463694,1662.2371766308186,51.60511763620104
2020-07-03,1054.200040589746,104.96399161205059,1642.9850518816584,51.11870110902971
2020-07-06,1058.320250066957,105.09888137268268,1648.6923654665848,50.24574637179533
2020-07-07,1067.7616176244226,105.05837648880687,1665.6477996522988,49.825250827391955
2020-07-08,1071.9564938547032,104.34905488829361,1651.3766891640385,49.43772248845612
2020-07-09,1065.5744960475815,104.37641160505773,1658.643869444622,48.08231053058588
2020-07-10,1087.89543628288,103.9710160384059,1629.697998171329,49.13856055955427
2020-07-13,1107.0740338582448,104.22786259968973,1619.853996416352,47.96154909617488
2020-07-14,1102.9183586979557,104.01678909053105,1631.3108601033675,49.04779248058952
2020-07-15,1092.9451884282441,103.83060739832257,1614.420005989122,47.143172240298284
2020-07-16,1094.8372625105756,103.83954199515762,1605.4725587772803,46.951672656117516
2020-07-17,1110.964685641094,104.04055858018575,1627.378502315195,46.77629783825836
2020-07-20,1115.4468632421617,103.99681295350524,1616.396816111873,46.75235807355023
2020-07-21,1122.7925637965861,104.54804545299861,1603.6531320699266,47.740750739535
2020-07-22,1120.3793738761694,105.10439625488772,1612.6507595939922,47.52045828459512
2020-07-23,1126.4759765102635,105.68589198689216,1642.9666251800274,47.0353870367847
2020-07-24,1146.6685410772227,105.61997012703314,1639.5021476036966,46.82146649046554
2020-07-27,1143.8461543359922,105.14010786990697,1651.7086014485135,47.83737611750254
2020-07-28,1145.996466540503,105.55696869043942,1673.1036279517166,46.5749310427397
2020-07-29,1149.5904148295565,105.43066337701812,1678.5164035159016,45.53107774976459
2020-07-30,1153.5867891739683,105.45536866342655,1674.4982958130277,43.60144484277818
2020-07-31,1135.5531570052108,105.6763294755323,1660.9452300660814,45.58702927725901
2020-08-03,1111.9234790328196,105.15563752303596,1638.9792640777957,44.42887394326116
2020-08-04,1099.4199829353631,105.70866339202982,1656.541527818524,42.61285724527155
2020-08-05,1101.7944994760317,106.01247874552963,1659.6316268500116,41.852761519758566
2020-08-06,1109.016433937016,106.14227909333161,1680.9232922852557,41.2846484013291
2020-08-07,1102.6423301527786,106.45268998850865,1696.965162107455,42.633370802381044
2020-08-10,1120.2806387311698,106.65176389731737,1687.3603813100829,42.19170103839667
2020-08-11,1118.7465825158856,106.70318897691477,1668.7989032080652,42.457040856298
2020-08-12,1119.287667984241,106.61196361686916,1675.5764895144086,40.80669199307615
2020-08-13,1117.1114633849475,106.37618667919084,1665.8481955384423,40.98753523773777
2020-08-14,1119.0937420346154,106.48461021739647,1672.0452340034942,39.51782244143448
2020-08-17,1128.3544795530927,106.61798791990533,1660.7886859349364,39.2391102467044
2020-08-18,1137.1911673627503,106.99456968317106,1647.5816690440636,38.580875060937295
2020-08-19,1125.9502544722002,107.0744288602659,1645.6411902513746,38.62415137949117
2020-08-20,1145.8620635542886,106.79925433243828,1660.4859170354557,39.16178782393385
2020-08-21,1132.0090668383393,106.28247042155785,1665.5586292618548,38.0189242860548
2020-08-24,1133.3133538304253,106.25189780528797,1684.4665878684752,37.072100609964984
2020-08-25,1130.0787535913278,106.25483056222573,1665.202364004364,37.22457745892587
2020-08-26,1116.9994757476504,106.2341264730392,1648.9059142650729,37.78675946703304
2020-08-27,1116.331025655008,105.73530236496352,1647.770624750679,38.979866054447314
2020-08-28,1107.2733744121774,106.10584757708814,1682.0965506324887,38.570098755196845
2020-08-31,1108.4697260481428,106.47707581005892,1693.1084126289827,37.31627760322539
2020-09-01,1113.8296125280267,106.21344421353764,1676.3878069351135,37.46400660565108
2020-09-02,1132.8623279721269,106.49556983373132,1675.4397596054794,36.8073189743131
2020-09-03,1137.1055558686235,106.82784450685139,1679.1958237062158,36.05881915311487
2020-09-04,1129.5378630592659,106.85297168375796,1670.4535845847029,37.189823655625716
2020-09-07,1124.8179514973324,106.54638077187164,1680.4201827066488,37.69445114594598
2020-09-08,1126.8899467795322,107.10141100693997,1678.1959274002627,37.08811621531957
2020-09-09,1128.370435697185,107.24222157576901,1673.7133554411746,37.0667506766363
2020-09-10,1147.4910471399783,107.16968534852751,1694.0240634723257,36.99074214709415
2020-09-11,1166.0860103439827,107.44313643350931,1667.1336825455114,37.11955778943185
2020-09-14,1161.6438038093331,108.00584089015801,1652.305123756825,36.7827938410639
2020-09-15,1154.731941649644,107.84914962452548,1639.8459156241531,35.26792976164483
2020-09-16,1122.0160733398259,108.09660862958741,1627.013653705066,34.511198211902276
2020-09-17,1115.3364795559226,108.77263847337161,1616.0968996832742,34.10318373369573
2020-09-18,1103.3148821047394,108.4031401561911,1623.8231771850465,34.11874227956849
2020-09-21,1099.1630437045865,108.22811309324345,1640.987813678661,33.30877321043269
2020-09-22,1104.3338951568066,108.0368290507008,1655.5080359313108,33.44038590615476
2020-09-23,1106.8351096101667,107.99528647440206,1639.8876696418267,33.15502843173613
2020-09-24,1106.7392279111345,107.93620030080282,1638.4759507951262,32.59913811489122
2020-09-25,1109.5275371734165,108.05083582876223,1645.746014866126,31.69361380556114
2020-09-28,1108.2225394080524,107.78429547250616,1649.7361573152427,32.001914313045916
2020-09-29,1110.9822959728745,107.58538888173337,1670.4737912115913,32.297367335601386
2020-09-30,1071.287321806697,107.69981975445826,1660.103175966908,32.866872705547635
2020-10-01,1068.2915639792122,107.76467605209899,1662.8127633180995,33.261887380184604
2020-10-02,1067.2197995758154,108.0741001428615,1656.9005076999058,33.717244044149396
2020-10-05,1063.3673086157803,108.22588153947466,1661.0914707167133,33.99691381868314
2020-10-06,1061.0112635751063,108.50168625926551,1644.496159110563,32.69874737878019
2020-10-07,1069.777237255992,108.12412158797741,1630.3752197355989,32.49281823039764
2020-10-08,1062.8157295858612,108.00594594038928,1619.415133196662,31.477541777572128
2020-10-09,1089.9464055476253,108.64896900642327,1611.0604884819743,32.4369735244941
2020-10-12,1098.7643761290797,108.79563722700532,1635.0492406963094,32.42164535559284
2020-10-13,1098.9639926097116,109.0644932513587,1653.5643902945558,33.33667228110694
2020-10-14,1096.6693856869767,109.17067785458008,1650.498913163555,32.58258355961784
2020-10-15,1095.871414983629,109.32950225647204,1653.4523736993935,32.51133125852534
2020-10-16,1084.8312311006512,109.26248281942155,1628.9786369230696,32.69531673683961
2020-10-19,1083.935182834724,110.51116881601916,1626.4713165744854,32.45233675725807
2020-10-20,1087.6411356369242,110.38595477838045,1629.1767385131307,32.58164614625174
2020-10-21,1095.089192510501,110.38522477761339,1647.1627904860213,33.658447687538896
2020-10-22,1102.5901052954043,109.55786554271224,1652.5112012790198,32.895926231971465
2020-10-23,1099.4371965263638,109.9528196898819,1659.5396879832665,31.032170141499222
2020-10-26,1082.1986085708882,109.77425347046858,1664.4714610107249,32.14160084453612
2020-10-27,1074.2910809318876,109.7657576964387,1668.9642498803344,31.580282849875
2020-10-28,1094.3873509691762,109.5958529385015,1647.3350493007997,32.366309998347376
2020-10-29,1105.8433214347065,109.5604895516573,1641.1129514271904,32.82950696936136
2020-10-30,1110.768921391225,109.47493356354857,1663.771172219774,32.66769040386092
2020-11-02,1101.500572206643,109.47258189763053,1677.0321867463404,32.9373954568535
2020-11-03,1101.825019362012,109.46686519857865,1685.141476507368,32.11420786914414
2020-11-04,1086.5234934397197,109.4261933610487,1686.4634325863276,32.1698188020546
2020-11-05,1080.0182533240363,109.38082632334154,1697.2657912695033,32.588594776165
2020-11-06,1077.2923095596154,109.84509494441109,1682.4381184614276,32.03170685012267
2020-11-09,1073.1554587388907,110.16303833813465,1657.7605291083548,31.759056547668813
2020-11-10,1085.133864095585,110.48399877961113,1652.0401917910908,31.973463050103895
2020-11-11,1068.0875269560072,110.2419827896362,1660.7140640474129,32.91465606018967
2020-11-12,1057.9253637510062,110.69188093281717,1662.6626700340064,32.90697967260287
2020-11-13,1041.826543451436,111.0998033396738,1678.927361460783,32.59066624346498
2020-11-16,1027.5716244070315,110.91897214043247,1684.7712185677738,32.4803106942063
2020-11-17,1029.2786413299348,111.46534373173876,1685.7444360068123,33.3164032486618
2020-11-18,1011.0244193265589,111.23842290905013,1707.285345190651,32.84311578248297
2020-11-19,1019.9619640539674,110.60752052076846,1725.916660686829,32.621088479914626
2020-11-20,1017.3690000933586,111.00460115431659,1724.5828601000603,32.16423866095356
2020-11-23,1018.4206492131111,110.97548164381755,1706.9636166244436,32.01443158427274
2020-11-24,1022.4113390445564,111.33018125489092,1692.6513385977921,32.160360146559114
2020-11-25,1017.6480019276875,111.07870072307391,1690.3309513773697,32.896485359470965
2020-11-26,1029.892551996232,110.65075069947336,1684.7413777992529,31.385928375668723
2020-11-27,1027.885740584371,111.09358671642589,1711.6027607345236,31.767486844669403
2020-11-30,1035.0951053221452,110.61487543133435,1684.9033664992078,31.144010294032714
2020-12-01,1033.0222861380196,110.08489941499364,1684.1395890226852,31.54875777176232
2020-12-02,1036.697463081506,109.43173603458129,1667.5136426264414,32.41761367087024
2020-12-03,1040.2534604691807,108.48514666708591,1669.611766114143,33.131650141993276
2020-12-04,1043.47027654604,108.14300619402192,1675.9110988634036,33.24179588753157
2020-12-07,1032.267175727246,107.41883908480258,1669.7681927670078,33.853530016998526
2020-12-08,1037.644318940338,107.41904753839084,1678.4171188412156,33.15123354101801
2020-12-09,1034.1601089411452,106.67721069323946,1675.527564852087,33.0962745117553
2020-12-10,1041.8436095104582,106.32229526989707,1672.9469640768239,34.218219008663674
2020-12-11,1016.9805970967547,107.11836035561024,1666.6103162705065,33.622419198889325
2020-12-14,1000.4784709277294,107.24710035604386,1677.1489433982424,33.76344702436397
2020-12-15,1004.8644094219394,107.27717768350568,1679.6035441489857,33.48426161710457
2020-12-16,1026.576422511632,106.74311238905057,1705.0207265084716,33.33507340357363
2020-12-17,1036.6053160174283,106.67274143387226,1725.8706432766771,33.6293580142775
2020-12-18,1028.8751966619852,106.70107908084421,1735.1920378767793,33.42464199093095
2020-12-21,1009.5788534097168,106.17508900671528,1700.4060171713118,33.41665929837731
2020-12-22,1018.3744828819127,106.22941348439383,1676.9811488995033,33.04154969492502
2020-12-23,1017.7020144342068,106.64090373380854,1692.9426090377433,31.73321957524198
2020-12-24,1024.8008381515178,106.53614612378534,1685.610160825616,31.863390043199495
2020-12-25,1026.4013285480692,106.4821301363824,1689.6145842609744,32.16836178479677
2020-12-28,1027.0063587198476,105.8115061293441,1679.8370313472449,33.15832400254193
2020-12-29,1062.3133717846742,105.35822201565372,1688.3371710083145,33.05664931372191
2020-12-30,1062.5085020155727,105.72186131871695,1703.9516371254047,32.05036630246573
2020-12-31,1060.8602412404914,105.51383632542655,1684.8455672134758,31.51679580382735
2021-01-01,1059.6685848149916,105.21731365405441,1672.2000431911188,31.889329158035693
2021-01-04,1052.9467831723293,105.00001791261906,1646.3704942771199,31.824742512227296
2021-01-05,1065.1045037271963,104.9929921780429,1650.2592985651913,32.01607589546318
2021-01-06,1061.1093287104932,104.62254114261198,1624.744828986838,31.762608752966802
2021-01-07,1069.0591734111063,104.6761819804045,1619.383300565775,33.0939833400141
2021-01-08,1072.7862694711307,104.24063969077761,1627.6040602644805,34.37351509207252
2021-01-11,1087.9926894964512,104.50699716374847,1659.8213098453957,33.66918119554928
2021-01-12,1093.4654803520596,104.17151279113317,1665.865732665126,34.34517260926526
2021-01-13,1078.797157086301,104.6175420770202,1685.9637617609856,34.57053495913181
2021-01-14,1062.9615143233718,104.62617206362567,1690.3573502866077,34.57521159558434
2021-01-15,1080.3461225068506,104.35977340444676,1695.564632455079,33.92048022554377
2021-01-18,1073.1867749193202,104.67174418185334,1692.4489073163609,35.14936905184801
2021-01-19,1057.5040538071053,104.2314634690405,1686.590010273502,36.058207545786885
2021-01-20,1049.7708252549623,104.0638891111732,1705.6723027264914,34.912494790656886
2021-01-21,1065.202110413371,104.07573739853153,1711.9848958506195,35.9879517119733
2021-01-22,1048.4512015387704,104.04789542491804,1717.6978358936828,35.95162755817849
2021-01-25,1038.4633491174295,103.403515837696,1708.1176599804064,35.47508511017917
2021-01-26,1030.902219116734,103.11586790161529,1702.819510002127,34.71373451133435
2021-01-27,1016.6372577073162,103.18229339795614,1736.6798029013826,35.43865080699703
2021-01-28,1003.3300719503861,102.76595101811185,1735.8393447628794,35.74663833949756
2021-01-29,986.4565369877671,103.18846226456301,1757.9985048019862,35.05854670594597
2021-02-01,981.5599261923294,103.36131965722413,1749.646560301112,34.43152989222562
2021-02-02,977.8653232777059,103.20581412182071,1763.2195934397328,34.13300959661474
2021-02-03,970.572276868232,103.14599595854736,1768.3263480942867,33.7439638608934
2021-02-04,952.7836684602012,103.76439373319117,1761.8644109605593,34.13332993537893
2021-02-05,966.6655244884993,104.08262533415194,1772.9674814827747,34.41391538917915
2021-02-08,952.4478767845686,104.21923644959364,1747.566557585165,33.92942208904353
2021-02-09,955.6972354142765,103.76745079206493,1757.3512673014843,32.70651220077116
2021-02-10,944.3601710122763,104.31333705333313,1770.7390823439518,31.753361642135772
2021-02-11,951.7846545896303,104.67162460586314,1775.5870293467767,32.36306581576611
2021-02-12,962.3999385568266,104.63464586751027,1797.9945833614902,31.655776027065304
2021-02-15,953.1116686584711,104.46555714294999,1797.1142868717382,31.728243272496837
2021-02-16,932.7827859540226,104.41566017573543,1794.8594920939993,30.513511303305506
2021-02-17,940.4091273968894,104.03298460109822,1801.1679571177863,30.77677155328051
2021-02-18,960.8687047255457,103.89068708659491,1816.2758034617075,32.101993269370524
2021-02-19,965.6529297454632,104.15259440171181,1826.3627110490047,31.17053642239257
2021-02-22,967.6573631310218,103.57310512459969,1822.7363790748902,31.54544795771156
2021-02-23,976.941181557464,103.48250235955467,1805.9533562975635,31.730324384326043
2021-02-24,985.7024441436016,103.53139748274207,1817.5904350201129,32.373706874400376
2021-02-25,976.727651344157,103.57699197527333,1804.3577470990085,32.27488293400236
2021-02-26,969.7002026694179,103.20486618698521,1790.735633869196,32.46429414441733
2021-03-01,976.6903074517502,102.83303572516695,1779.9663815133943,32.58947246184748
2021-03-02,975.343615794008,103.19818816889779,1781.2111319641158,32.998285716073305
2021-03-03,990.2643366192896,102.81265818968475,1768.1309348549878,32.38810499096482
2021-03-04,982.6358456952171,103.15157606758942,1749.5271409155173,32.520499077912646
2021-03-05,991.2858022456406,103.0067271407822,1738.9367180599033,33.10131272573569
2021-03-08,995.3965641618112,103.36944590575898,1736.1938798237647,33.95924137783872
2021-03-09,994.2221991738697,103.2442188947126,1743.930801236603,34.32682530103149
2021-03-10,1007.8226307091103,102.87732787432171,1745.307973009592,33.475242677999766
2021-03-11,1015.8814441583035,103.16702413738486,1727.8457331395336,32.34273017177168
2021-03-12,1004.6252352469278,103.17314316540033,1731.8493318122646,32.630091924643786
2021-03-15,1012.2009757659654,103.65678041750115,1737.4062468281859,31.905122890880303
2021-03-16,1028.366115064987,103.96034274308967,1730.219207671892,32.49930572728861
2021-03-17,1027.1061835284165,103.89709810120236,1717.5142841569916,32.28846312343674
2021-03-18,1024.4736820912733,103.7618879783698,1704.8964646442114,33.01131337234695
2021-03-19,1016.9816661227721,103.78136625136698,1696.6114550419156,34.58971877639612
2021-03-22,1017.0822719815309,103.85540874818551,1732.7493914026916,34.536568403590785
2021-03-23,1025.286380888244,103.57919319514053,1718.5178699254534,34.44271322990412
2021-03-24,1016.0815961673817,103.86608440578522,1723.107663270269,35.215248558848735
2021-03-25,1000.9410144217887,103.7480049375772,1711.7831005419398,36.04515280158656
2021-03-26,996.937841037721,103.62168313065064,1703.8804285104766,37.417018470577645
2021-03-29,981.7110178664416,103.45716721009678,1692.8096487552339,37.57338306455679
2021-03-30,987.8026195077595,103.54428617809049,1705.9362552308107,37.04668252139055
2021-03-31,983.2838794782155,103.33061824950667,1712.321556998167,37.046918868139606
2021-04-01,964.1497799710877,103.38634947226866,1710.4930652995556,36.53503872042026
2021-04-02,960.5893409148703,104.30309176309038,1718.9054631427773,36.72271061652685
2021-04-05,958.7363534072264,104.29737959108087,1731.2896443579887,36.020521053453535
2021-04-06,963.8753802085656,104.1667873211328,1717.6925650118508,36.738031085882355
2021-04-07,962.531621919988,103.63288463928335,1726.8633619212897,37.301256403506216
2021-04-08,983.3936133335461,103.66110476140977,1715.4569102269265,37.409650861732175
2021-04-09,977.874253141508,103.31135663642412,1729.3592749304535,37.424625925264806
2021-04-12,977.4300486500756,103.20099545614869,1741.7649995189945,37.25678534786204
2021-04-13,976.5373571316084,103.26206788267052,1748.6907616720214,38.34418560852307
2021-04-14,973.6593271644173,102.71232179209879,1745.4938498454424,39.354853405636625
2021-04-15,975.4799483779824,102.77500039143597,1737.1051636737209,39.47503200258491
2021-04-16,981.733380912293,102.88535978156881,1733.0497911187076,38.73010969828501
2021-04-19,997.0174087090679,102.47757178677985,1745.959638693786,37.73192559693541
2021-04-20,979.6816907518718,102.36270039483408,1735.0056817859115,37.965745503891114
2021-04-21,974.275525365302,101.7857814082492,1736.0871335927,37.42925751946522
2021-04-22,969.586864389423,102.303805465931,1707.9162044417656,37.81789299533516
2021-04-23,980.2008162128534,102.42206163994476,1712.3866730403718,37.49069709025399
2021-04-26,976.4919053214185,102.37582203583501,1695.9737483192325,38.129521103468434
2021-04-27,955.9736635415347,102.3348095736943,1675.2386070900623,38.298020088488954
2021-04-28,957.1674103839331,102.71186945534949,1683.728655488222,39.143700831886335
2021-04-29,957.0441108744378,102.69312560170658,1687.3378404119292,37.25636636959562
2021-04-30,959.2395633299207,102.81191389149014,1680.5418832104083,37.06425994938153
2021-05-03,948.2324619143925,103.31665174010371,1676.00925639988,38.91442698003406
2021-05-04,967.141565095878,103.21583944629853,1712.62716755775,36.81892031981085
2021-05-05,963.8405060204001,102.8729707893212,1709.751136189612,37.503223780893606
2021-05-06,962.0283495828425,102.61786992517179,1706.7658819017765,37.844260203493604
2021-05-07,952.5017614702543,103.09243817798898,1717.582464091163,38.92601043062646
2021-05-10,942.7381443555316,103.13389579602801,1719.262821766375,38.77096516337963
2021-05-11,929.9931319746483,102.98259523619704,1735.646035140153,39.79545874800287
2021-05-12,926.0892848153266,103.3106816047458,1740.4698634449005,40.87094275814646
2021-05-13,916.3202001162501,103.64775011827874,1753.3013553012124,41.04193165248651
2021-05-14,938.1756480142249,103.50439439940979,1760.9322353274886,39.99548317942814
2021-05-17,918.5321192339803,103.1997926442309,1771.9748609496257,40.802065070661335
2021-05-18,907.0848374252196,102.7022711355622,1771.5332285060827,39.929154078625835
2021-05-19,903.1941581416548,102.13526878429158,1775.5351352034163,39.80188116340361
2021-05-20,910.3484085195829,102.06170258427416,1771.2660746029908,40.63492223719866
2021-05-21,906.3168829265841,101.78658751981872,1781.6808604386492,41.61838387641589
2021-05-24,913.521475275484,102.39583865742303,1759.433922087401,41.2935587375757
2021-05-25,903.5855153874127,102.42640467979771,1771.819943467785,41.861498276652725
2021-05-26,904.4221463461615,101.8133697303105,1788.8830988146099,40.45511479657461
2021-05-27,922.7192058025597,102.28101696144556,1801.742438012615,40.02940754053863
2021-05-28,912.8804716069543,102.34480157929546,1800.2478621898294,41.340278848957304
2021-05-31,917.466051917412,102.58401117991878,1809.1409037576302,42.57607736850864
2021-06-01,919.8541186043925,102.81634917740467,1796.1902335576488,43.20186299275166
2021-06-02,896.8945156362267,102.92417290841978,1810.732622562245,43.05992594835373
2021-06-03,891.1503307704531,103.10573276492067,1792.2981675794795,43.864678920766025
2021-06-04,902.8824486483671,103.19507263626765,1802.658807773653,43.83504413428999
2021-06-07,904.495362518942,102.84781850145879,1812.0333265683455,43.99073279978592
2021-06-08,892.3732745860717,102.97843429585957,1819.2904933190423,44.069325037126525
2021-06-09,899.6181243057503,103.32286291475108,1811.8996272518407,43.315115290153805
2021-06-10,894.9705368489708,103.26630621724497,1825.2418126147804,44.00675321093625
2021-06-11,898.8593441631011,103.45758013324917,1794.1039893277477,42.97374268739017
2021-06-14,902.937747234604,103.60621763366788,1807.6064244508118,43.70800974628495
2021-06-15,891.78223347915,104.21230343674799,1811.1576758494507,42.78503493963565
2021-06-16,900.0325709505116,104.14125473898359,1829.5145100459645,42.10238655825289
2021-06-17,890.0343444259921,104.05738823268823,1833.257963065023,39.53972804110676
2021-06-18,877.1754293394225,104.03093884751009,1865.6653131683743,39.39744366224789
2021-06-21,868.6583028506152,104.00925957441447,1849.420116482209,39.555647061847246
2021-06-22,865.4752024833896,103.27919414528144,1860.3865098741705,40.27697683034351
2021-06-23,866.7689199262685,103.08212498038445,1845.1601603278204,41.45126583833023
2021-06-24,859.4265043705062,103.19130926112754,1843.241329910697,40.10490362734075
2021-06-25,866.9349483154299,103.20039892994188,1856.5021368003493,40.97853227211491
2021-06-28,869.6305389905856,102.95264490010787,1867.7932924743995,40.55477957748242
2021-06-29,863.0247390331352,102.7490239157326,1905.1509416980466,40.483770931119615
2021-06-30,871.9889604398302,102.64571152577429,1899.1274203731662,40.38330821093091
2021-07-01,883.7685579488016,102.39856905764202,1922.641205505638,39.97850677623084
2021-07-02,883.0037181444218,102.2448951233786,1918.3217735455705,39.195329491932256
2021-07-05,881.0768983329505,102.08298248966565,1905.9519862360166,39.4309110658272
2021-07-06,863.7517536618361,102.38295838512484,1877.2349336595216,40.13586928049722
2021-07-07,859.9874718325067,102.72296409824318,1880.4117653671958,39.03003134454628
2021-07-08,857.3666190791995,103.03722179252452,1871.459620029727,39.0069044856176
2021-07-09,859.9731228265689,103.18756702394893,1886.7970861875458,38.46337775437081
2021-07-12,858.5496693305095,102.96935836786201,1877.6886521826623,39.3976305022548
2021-07-13,861.1465634367364,103.29290821539642,1869.5390227131018,39.82219382221958
2021-07-14,876.4790814206717,103.20249327942305,1876.1031550391904,41.16237130715802
2021-07-15,871.4490070586417,103.22176246064475,1907.158744413304,39.77401350989568
2021-07-16,866.8304721041671,103.66958696126294,1887.9310775802055,40.68469483475063
2021-07-19,854.2740628706434,103.70884783898036,1906.4652414864238,40.82418674543813
2021-07-20,854.4064635185621,103.80149692563276,1922.5725463955916,40.17008064513986
2021-07-21,864.1412384604131,103.35241386403248,1918.857935483536,40.59905086775949
2021-07-22,847.367198495383,103.52288138510075,1931.4403842352885,42.018449112704644
2021-07-23,841.2065205711809,103.21560170756388,1926.5554120507954,43.5244788489985
2021-07-26,841.7624907066999,103.55692055461965,1970.515004646275,44.31344052706541
2021-07-27,850.1308953517641,103.50853500579093,1968.731646542789,43.34804092431986
2021-07-28,854.0458212484117,102.79378465255778,1970.5311245061998,43.638058311579535
2021-07-29,857.4204735052072,102.68964873694144,1964.7763877353666,43.961563017155754
2021-07-30,855.4589761861139,102.62762711388672,1933.884306552146,45.17464085807803
2021-08-02,860.3637408014156,102.79640248643946,1929.3782071726566,45.00335488299556
2021-08-03,870.5363829831527,103.02548244012269,1933.9104475468532,45.01143978986499
2021-08-04,854.045595733913,102.9309203415491,1961.8349754349442,44.3602798998001
2021-08-05,861.3479730982086,103.27159981898882,1971.2790085092302,45.01117186347323
2021-08-06,860.601803802534,102.25822275451732,1968.0571765886525,44.79057228673468
2021-08-09,855.6621230305725,102.04015815122163,1969.4750420564883,44.967249199391674
2021-08-10,832.4947214053755,101.69487539343676,1975.8800157222215,44.496838160210714
2021-08-11,819.7737134482434,101.3054988793593,1969.1200225024068,44.53591664177802
2021-08-12,835.9223255382828,101.62378083950965,1982.1597985837202,43.48045040045943
2021-08-13,829.6313660466936,101.90115753798557,2013.1415601218328,43.627819256263905
2021-08-16,819.6968015979949,101.66406944018591,2006.5539619795106,43.04498698841027
2021-08-17,815.6719959913127,102.05364018410702,2029.8921474442016,43.70667483625816
2021-08-18,809.0140691915819,102.09790819822635,2047.0852198385512,45.516261668427006
2021-08-19,810.3607968512486,101.97402708256595,2057.8200493276854,46.36532763635269
2021-08-20,824.629022918438,101.76332052980406,2060.314336156123,45.22709118154106
2021-08-23,819.3695400612015,101.52575314129903,2067.218717201113,44.86288468814676
2021-08-24,821.0121023147861,101.68864856511097,2063.2938999884796,43.29151685073144
2021-08-25,810.6063747871654,101.90872530525506,2099.741479415934,43.29738330351114
2021-08-26,824.9087880599299,101.996944630052,2085.8568502825815,41.62956277741107
2021-08-27,826.8882393518694,101.35197572926367,2108.6706376185202,40.5347239496602
2021-08-30,817.0138482259671,101.45820052344465,2140.1051921902367,41.51959515067088
2021-08-31,825.6435048198604,101.65063787327084,2133.908810945019,42.308409644233194
2021-09-01,837.166389722002,101.44817764395546,2157.8781665258666,40.90700178194709
2021-09-02,838.912794614708,101.47357469185563,2161.14824263773,40.49880316924221
2021-09-03,823.6707885920423,100.89111038922256,2162.7546037276315,40.90808272897159
2021-09-06,840.7261712520178,100.51247701526775,2161.563706321198,41.2568697255666
2021-09-07,843.9013816837906,100.42133765748595,2129.1808794245762,39.79647269844148
2021-09-08,855.3925789954159,100.33485820767159,2140.562204045703,40.01871688770201
2021-09-09,850.2812295703139,100.45751956588092,2170.2938184413783,39.47950535945836
2021-09-10,846.6609820728787,100.09408272989934,2156.221418135767,40.53014986630046
2021-09-13,847.9366708275812,99.99797744178322,2173.8889662825904,40.34505758798401
2021-09-14,858.9269823901764,99.85522492136812,2172.4734746573727,40.65926585552661
2021-09-15,860.5385760504213,100.03284181001062,2150.4888646089757,40.55492298990921
2021-09-16,848.5766896193231,100.49304302601074,2171.1959372521246,41.14848900886037
2021-09-17,851.3167904783245,101.05076135883566,2206.4027166144247,40.45091152609389
2021-09-20,867.4125255447109,100.56426177476645,2190.2424594632193,41.04459209132459
2021-09-21,868.2798055501203,100.56052656691192,2195.0507214414924,42.146452698197194
2021-09-22,869.7747654832534,100.22019847890033,2165.7239642266272,43.87993436787069
2021-09-23,857.6289631474358,100.21119508794823,2165.197406457724,45.43181942177591
2021-09-24,844.3071377975783,100.35622113173889,2175.499305074148,44.890610922723546
2021-09-27,838.4364272437274,100.39343605322154,2212.1732701184264,45.458050191557525
2021-09-28,835.5494844617693,100.38939178116732,2245.317351694285,46.26704224301985
2021-09-29,836.7477792536941,100.87092848180748,2280.787529213531,46.86520267227473
2021-09-30,838.5361020808214,101.11179179513744,2269.805193608251,47.642460979929105
2021-10-01,854.1225937837701,101.0365225276617,2264.9013133262843,48.08199528420636
2021-10-04,854.9075748743949,101.05575624801173,2229.904477784264,47.49965018064642
2021-10-05,865.5074280410082,101.34490133543872,2215.2271188114933,47.709236401688415
2021-10-06,865.3405932155407,101.55132249160177,2185.381053008203,48.6003734875068
2021-10-07,879.8974583834845,101.42702094672033,2193.2796422798738,49.089490426109556
2021-10-08,861.6509315069935,100.87298310117521,2179.2173760025507,47.90926715250149
2021-10-11,856.0377120493314,100.50876114551457,2156.9865204113557,46.983458819106346
2021-10-12,865.8521416789338,100.5664575306505,2150.0853461810043,46.553816139805484
2021-10-13,864.3878907513966,100.01356577631095,2126.4741345252833,46.336480935163856
2021-10-14,873.7876155058393,99.97697648210998,2133.020342674806,46.48982327236643
2021-10-15,877.8333393183706,99.84564095555159,2139.090037716424,45.491560941790375
2021-10-18,887.523649702722,100.17181290818777,2133.046178600525,46.28834831421095
2021-10-19,893.9410896644175,99.76819850176224,2118.695617107879,44.423612402558675
2021-10-20,901.0236566918192,99.17431577259865,2092.370979383663,44.937122054055735
2021-10-21,916.6333366592903,99.05461952666958,2103.70328226221,45.43435544901414
2021-10-22,927.1786634073916,99.26418324876268,2108.5789497796527,46.07663077430003
2021-10-25,937.9232881992625,99.61062421798243,2118.1760734474833,43.05685644056521
2021-10-26,938.3780112787676,99.33706896598395,2112.3764711046356,41.78799370966951
2021-10-27,932.4434239303896,99.49566576363715,2108.3553521330177,41.45751465976862
2021-10-28,925.7303045663467,99.15928469443128,2137.608264576424,41.60480807955773
2021-10-29,933.8828764583063,98.93697151003359,2125.8385725862436,41.52341716812003
2021-11-01,908.645165670156,99.12531310313052,2119.893620546888,40.778395561669335
2021-11-02,895.5032299132987,99.36111972701237,2135.1753997500396,41.94155875361015
2021-11-03,885.9998069993821,99.06014801280104,2141.6248364661915,42.235355550425794
2021-11-04,883.7393311221549,99.21975104548355,2100.9293995838284,41.862500965520915
2021-11-05,857.9772780992395,98.64878970603942,2068.0053784380375,40.95413840381932
2021-11-08,870.5309817719931,98.59708877567105,2055.4484721068206,41.0090648560216
2021-11-09,876.697381185833,98.25668384510233,2073.5235368491403,42.15617532490803
2021-11-10,896.876431709302,98.01821717139752,2087.0463479274817,42.18198076780497
2021-11-11,907.973914659348,97.63618496827378,2097.6394476545415,42.1452870260402
2021-11-12,918.8769592050974,97.81774662143852,2110.4433289929125,42.20001442341248
2021-11-15,942.8674114886298,97.99972247516212,2091.530587465745,42.305461968616356
2021-11-16,937.0201513997392,97.79775847649242,2103.7664113395717,42.08162695581743
2021-11-17,921.4148296451056,97.92469037491772,2085.8526670083593,41.181869708789506
2021-11-18,919.2230813107999,98.01649062317733,2104.9308801977363,42.5868708681239
2021-11-19,910.8948613378378,97.98802119389597,2095.122477289552,43.18260320038472
2021-11-22,908.4758474432542,98.66762939305251,2101.028316758703,45.238677769633966
2021-11-23,897.9488555747856,98.41787967605899,2064.45924302097,45.73019540638277
2021-11-24,903.9783782972551,98.43354354753315,2038.6264902522744,45.490140592769905
2021-11-25,909.4820809444129,98.32627810838342,2060.061825892586,44.54403199891731
2021-11-26,909.4346991813396,98.22241101238815,2073.8901226770595,44.21388012267592
2021-11-29,912.8845063774157,98.28295312619615,2050.4750110564223,43.097072721870106
2021-11-30,911.6460797545076,98.20306466698713,2075.854650842433,45.12987415646277
2021-12-01,919.685974018637,97.94845990978897,2054.884772507519,45.10554649030253
2021-12-02,920.6455471514705,97.99797235292328,2055.588453751689,45.88656853327245
2021-12-03,918.1111023269827,98.37481932390128,2046.59902756891,46.862518390130234
2021-12-06,928.0745666294223,98.67862843190126,2029.131199522316,47.98490213553149
2021-12-07,941.6763382146866,98.75302238486483,2051.9642224954996,50.74930791138686
2021-12-08,956.308061345864,98.53578826223874,2085.2168197717483,50.63437308020633
2021-12-09,945.8695055234324,98.60491420255335,2089.0536053095348,50.42349733786314
2021-12-10,940.3928645846372,98.95364338709017,2119.7205145810144,50.59840441747161
2021-12-13,922.657184736586,99.33693669905759,2114.4205104079183,51.43197915229879
2021-12-14,920.3976941788619,99.4608866339085,2116.9110505067615,51.62676918246663
2021-12-15,924.9849138892665,99.35814392593375,2119.868802239721,51.31325068724576
2021-12-16,923.8269577078312,99.30604187706929,2097.1475235117537,50.50136625598169
2021-12-17,944.5151664020191,99.5591776165288,2107.392272016322,49.63835884553471
2021-12-20,940.4167120220075,99.78601986237375,2121.8981307400554,49.92598069105865
2021-12-21,929.1161291044281,99.24642967481955,2118.7485988983144,48.83047651072465
2021-12-22,935.3615525923955,99.4638720755981,2085.4691767002805,46.90833070879516
2021-12-23,937.1903465080893,99.69832919495926,2093.0495449213095,47.019969246638496
2021-12-24,943.2882808869181,99.4314652593181,2063.6171738667367,48.23294427799892
2021-12-27,946.7828350218182,99.20349432686196,2048.173341707696,48.93388729891394
2021-12-28,949.6437996330382,98.97848302168342,2051.0337358245465,48.90658587979385
2021-12-29,927.2985125744198,98.77790480511226,2036.484568424655,49.334998244426394
2021-12-30,919.9279476424841,98.34932580078099,2041.6858414700553,47.567728303660985
2021-12-31,914.0222076817745,98.45759263973636,2037.6397307808436,46.842257221383676
