observation_date,CHNPRENEL01MLM
1999-01-01,110140.00000000000
1999-02-01,81410.00000000000
1999-03-01,99010.00000000000
1999-04-01,93990.00000000000
1999-05-01,96920.00000000000
1999-06-01,105460.00000000000
1999-07-01,107120.00000000000
1999-08-01,107250.00000000000
1999-09-01,100360.00000000000
1999-10-01,99450.00000000000
1999-11-01,100300.00000000000
1999-12-01,110380.00000000000
2000-01-01,105230.00000000000
2000-02-01,95740.00000000000
2000-03-01,104390.00000000000
2000-04-01,103720.00000000000
2000-05-01,109780.00000000000
2000-06-01,109810.00000000000
2000-07-01,119370.00000000000
2000-08-01,117410.00000000000
2000-09-01,107900.00000000000
2000-10-01,108970.00000000000
2000-11-01,111440.00000000000
2000-12-01,119400.00000000000
2001-01-01,103700.00000000000
2001-02-01,105500.00000000000
2001-03-01,117080.00000000000
2001-04-01,111700.00000000000
2001-05-01,117790.00000000000
2001-06-01,119220.00000000000
2001-07-01,131070.00000000000
2001-08-01,126880.00000000000
2001-09-01,118850.00000000000
2001-10-01,118040.00000000000
2001-11-01,120200.00000000000
2001-12-01,131310.00000000000
2002-01-01,131673.00000000000
2002-02-01,101040.00000000000
2002-03-01,124097.00000000000
2002-04-01,124965.00000000000
2002-05-01,128372.00000000000
2002-06-01,135476.00000000000
2002-07-01,145804.00000000000
2002-08-01,145599.00000000000
2002-09-01,142655.00000000000
2002-10-01,138519.00000000000
2002-11-01,140800.00000000000
2002-12-01,151400.00000000000
2003-01-01,137600.00000000000
2003-02-01,117700.00000000000
2003-03-01,145800.00000000000
2003-04-01,142700.00000000000
2003-05-01,145400.00000000000
2003-06-01,151400.00000000000
2003-07-01,169900.00000000000
2003-08-01,170000.00000000000
2003-09-01,158500.00000000000
2003-10-01,158100.00000000000
2003-11-01,162500.00000000000
2003-12-01,171100.00000000000
2004-01-01,147970.00000000000
2004-02-01,157050.00000000000
2004-03-01,170670.00000000000
2004-04-01,167890.00000000000
2004-05-01,169290.00000000000
2004-06-01,174810.00000000000
2004-07-01,189880.00000000000
2004-08-01,192100.00000000000
2004-09-01,180950.00000000000
2004-10-01,184430.00000000000
2004-11-01,185880.00000000000
2004-12-01,193130.00000000000
2005-01-01,191490.00000000000
2005-02-01,160110.00000000000
2005-03-01,194050.00000000000
2005-04-01,189210.00000000000
2005-05-01,192470.00000000000
2005-06-01,200680.00000000000
2005-07-01,217890.00000000000
2005-08-01,216210.00000000000
2005-09-01,205330.00000000000
2005-10-01,201100.00000000000
2005-11-01,204190.00000000000
2005-12-01,224660.00000000000
2006-01-01,206340.00000000000
2006-02-01,196200.00000000000
2006-03-01,216160.00000000000
2006-04-01,211660.00000000000
2006-05-01,217530.00000000000
2006-06-01,230190.00000000000
2006-07-01,251710.00000000000
2006-08-01,257050.00000000000
2006-09-01,236480.00000000000
2006-10-01,232430.00000000000
2006-11-01,236340.00000000000
2006-12-01,257339.99999999997
2007-01-01,251240.00000000000
2007-02-01,196730.00000000000
2007-03-01,247200.00000000000
2007-04-01,247450.00000000000
2007-05-01,256870.00000000000
2007-06-01,271560.00000000000
2007-07-01,291570.00000000000
2007-08-01,298980.00000000000
2007-09-01,276010.00000000000
2007-10-01,272790.00000000000
2007-11-01,275470.00000000000
2007-12-01,294690.00000000000
2008-01-01,283152.00000000000
2008-02-01,233780.00000000000
2008-03-01,289780.00000000000
2008-04-01,281430.00000000000
2008-05-01,293380.00000000000
2008-06-01,293450.00000000000
2008-07-01,319540.00000000000
2008-08-01,316060.00000000000
2008-09-01,289250.00000000000
2008-10-01,264500.00000000000
2008-11-01,254020.00000000000
2008-12-01,273960.00000000000
2009-01-01,243350.00000000000
2009-02-01,244938.00000000000
2009-03-01,283360.00000000000
2009-04-01,271288.00000000000
2009-05-01,283890.00000000000
2009-06-01,310009.00000000000
2009-07-01,334498.00000000000
2009-08-01,344320.00000000000
2009-09-01,320333.00000000000
2009-10-01,312104.00000000000
2009-11-01,323409.00000000000
2009-12-01,349780.00000000000
2010-01-01,329500.00000000000
2010-02-01,269590.00000000000
2010-03-01,336950.00000000000
2010-04-01,331640.00000000000
2010-05-01,340470.00000000000
2010-06-01,346660.00000000000
2010-07-01,377640.00000000000
2010-08-01,390330.00000000000
2010-09-01,348650.00000000000
2010-10-01,332880.00000000000
2010-11-01,345340.00000000000
2010-12-01,367780.00000000000
2011-01-01,367780.00000000000
2011-02-01,310080.00000000000
2011-03-01,383010.00000000000
2011-04-01,366380.00000000000
2011-05-01,377540.00000000000
2011-06-01,396820.00000000000
2011-07-01,425150.00000000000
2011-08-01,426040.00000000000
2011-09-01,386060.00000000000
2011-10-01,364040.00000000000
2011-11-01,371330.00000000000
2011-12-01,403810.00000000000
2012-01-01,359365.00000000000
2012-02-01,718730.00000000000
2012-03-01,410920.00000000000
2012-04-01,371820.00000000000
2012-05-01,389810.00000000000
2012-06-01,393350.00000000000
2012-07-01,435120.00000000000
2012-08-01,437280.00000000000
2012-09-01,390730.00000000000
2012-10-01,389770.00000000000
2012-11-01,401050.00000000000
2012-12-01,432700.00000000000
2013-01-01,378660.00000000000
2013-02-01,757320.00000000000
2013-03-01,419429.00000000000
2013-04-01,399440.00000000000
2013-05-01,410410.00000000000
2013-06-01,425261.00000000000
2013-07-01,479452.00000000000
2013-08-01,498700.00000000000
2013-09-01,431036.00000000000
2013-10-01,430515.00000000000
2013-11-01,439182.00000000000
2013-12-01,477963.00000000000
2014-01-01,432810.00000000000
2014-02-01,383358.00000000000
2014-03-01,452768.00000000000
2014-04-01,425022.00000000000
2014-05-01,441594.00000000000
2014-06-01,458100.00000000000
2014-07-01,504800.00000000000
2014-08-01,495930.00000000000
2014-09-01,454172.00000000000
2014-10-01,444641.00000000000
2014-11-01,448721.00000000000
2014-12-01,490218.00000000000
2015-01-01,490700.00000000000
2015-02-01,365390.00000000000
2015-03-01,451061.00000000000
2015-04-01,445026.00000000000
2015-05-01,456218.34000000003
2015-06-01,474526.90000000002
2015-07-01,508961.98999999999
2015-08-01,515530.00000000000
2015-09-01,454780.00000000000
2015-10-01,445354.59999999998
2015-11-01,466040.00000000000
2015-12-01,491030.00000000000
2016-01-01,435085.00000000000
2016-02-01,870200.00000000000
2016-03-01,477884.28999999998
2016-04-01,444450.00000000000
2016-05-01,463590.00000000000
2016-06-01,490790.00000000000
2016-07-01,550610.00000000000
2016-08-01,561720.00000000000
2016-09-01,491280.00000000000
2016-10-01,487580.00000000000
2016-11-01,503410.00000000000
2016-12-01,532890.00000000000
2017-01-01,465765.00000000000
2017-02-01,931530.00000000000
2017-03-01,516890.00000000000
2017-04-01,476720.00000000000
2017-05-01,494700.00000000000
2017-06-01,520299.99999999994
2017-07-01,604740.00000000000
2017-08-01,594550.00000000000
2017-09-01,521960.00000000006
2017-10-01,503810.00000000000
2017-11-01,519630.00000000000
2017-12-01,569860.00000000000
2018-01-01,522725.00000000000
2018-02-01,1045450.00000000000
2018-03-01,528340.00000000000
2018-04-01,510780.00000000000
2018-05-01,544330.00000000000
2018-06-01,555060.00000000000
2018-07-01,640020.00000000000
2018-08-01,640490.00000000000
2018-09-01,548310.00000000000
2018-10-01,533020.00000000000
2018-11-01,554300.00000000000
2018-12-01,619990.00000000000
2019-01-01,549095.00000000000
2019-02-01,1098190.00000000000
2019-03-01,569790.00000000000
2019-04-01,544020.00000000000
2019-05-01,558900.00000000000
2019-06-01,583390.00000000000
2019-07-01,657310.00000000000
2019-08-01,668240.00000000000
2019-09-01,590840.00000000000
2019-10-01,571420.00000000000
2019-11-01,588980.00000000000
2019-12-01,654420.00000000000
2020-01-01,513345.00000000000
2020-02-01,1026690.00000000000
2020-03-01,552510.00000000000
2020-04-01,554270.00000000000
2020-05-01,593240.00000000000
2020-06-01,630410.00000000000
2020-07-01,680120.00000000000
2020-08-01,723830.00000000000
2020-09-01,631520.00000000000
2020-10-01,609450.00000000000
2020-11-01,641870.00000000000
2020-12-01,727720.00000000000
2021-01-01,621385.00000000000
2021-02-01,1242770.00000000000
2021-03-01,657900.00000000000
2021-04-01,623010.00000000000
2021-05-01,647840.00000000000
2021-06-01,686050.00000000000
2021-07-01,758620.00000000000
2021-08-01,738350.00000000000
2021-09-01,675120.00000000000
2021-10-01,639350.00000000000
2021-11-01,654040.00000000000
2021-12-01,723370.00000000000
2022-01-01,657030.00000000000
2022-02-01,1314060.00000000000
2022-03-01,670170.00000000000
2022-04-01,608570.00000000000
2022-05-01,641020.00000000000
2022-06-01,709030.00000000000
2022-07-01,805920.00000000000
2022-08-01,824800.00000000000
2022-09-01,683000.00000000000
2022-10-01,661000.00000000000
2022-11-01,666670.00000000000
2022-12-01,757850.00000000000
2023-01-01,674865.00000000000
2023-02-01,674865.00000000000
2023-03-01,717290.00000000000
2023-04-01,658350.00000000000
2023-05-01,688580.00000000000
2023-06-01,739900.00000000000
2023-07-01,846170.00000000000
2023-08-01,844990.00000000000
2023-09-01,745610.00000000000
2023-10-01,704350.00000000000
2023-11-01,730970.00000000000
