date,labor_force_millions,employment_millions,unemployment_rate
2005-09-01,150.0,142.24,5.17
2005-10-01,150.23,142.14,5.39
2005-11-01,150.43,142.5,5.27
2005-12-01,150.55,142.99,5.02
2006-01-01,150.59,142.91,5.1
2006-02-01,150.57,142.54,5.33
2006-03-01,150.5,143.26,4.81
2006-04-01,150.44,142.88,5.02
2006-05-01,150.41,142.6,5.19
2006-06-01,150.45,143.08,4.9
2006-07-01,150.58,143.21,4.89
2006-08-01,150.77,143.35,4.92
2006-09-01,151.0,143.33,5.08
2006-10-01,151.24,143.99,4.79
2006-11-01,151.43,144.19,4.78
2006-12-01,151.56,144.36,4.75
2007-01-01,151.6,143.97,5.03
2007-02-01,151.57,144.01,4.99
2007-03-01,151.51,144.2,4.82
2007-04-01,151.44,144.31,4.71
2007-05-01,151.41,144.27,4.72
2007-06-01,151.46,144.22,4.78
2007-07-01,151.58,144.82,4.46
2007-08-01,151.77,144.69,4.67
2007-09-01,152.01,145.4,4.35
2007-10-01,152.24,145.56,4.39
2007-11-01,152.44,145.51,4.54
2007-12-01,152.56,146.11,4.23
2008-01-01,152.6,145.52,4.64
2008-02-01,152.58,145.24,4.81
2008-03-01,152.51,144.69,5.13
2008-04-01,152.44,144.7,5.08
2008-05-01,152.42,144.1,5.46
2008-06-01,152.46,143.54,5.85
2008-07-01,152.59,142.99,6.29
2008-08-01,152.78,142.97,6.42
2008-09-01,153.01,142.76,6.7
2008-10-01,153.25,142.47,7.03
2008-11-01,153.44,142.55,7.1
2008-12-01,153.56,142.06,7.49
2009-01-01,153.61,141.9,7.62
2009-02-01,153.58,141.65,7.77
2009-03-01,153.51,140.99,8.16
2009-04-01,153.45,140.34,8.54
2009-05-01,153.42,139.98,8.76
2009-06-01,153.47,139.68,8.98
2009-07-01,153.59,138.97,9.52
2009-08-01,153.78,139.11,9.54
2009-09-01,154.02,138.82,9.87
2009-10-01,154.25,138.41,10.27
2009-11-01,154.44,139.35,9.77
2009-12-01,154.57,139.53,9.73
2010-01-01,154.61,139.17,9.99
2010-02-01,154.59,139.71,9.62
2010-03-01,154.52,139.61,9.65
2010-04-01,154.45,139.47,9.7
2010-05-01,154.43,139.59,9.61
2010-06-01,154.47,139.58,9.64
2010-07-01,154.59,139.85,9.54
2010-08-01,154.79,140.21,9.42
2010-09-01,155.02,140.88,9.12
2010-10-01,155.25,140.91,9.24
2010-11-01,155.45,141.29,9.11
2010-12-01,155.57,141.82,8.84
2011-01-01,155.62,141.45,9.1
2011-02-01,155.59,141.66,8.95
2011-03-01,155.52,141.85,8.79
2011-04-01,155.46,141.95,8.69
2011-05-01,155.43,142.22,8.5
2011-06-01,155.47,142.1,8.6
2011-07-01,155.6,142.28,8.56
2011-08-01,155.79,142.81,8.33
2011-09-01,156.03,142.76,8.5
2011-10-01,156.26,143.51,8.16
2011-11-01,156.45,144.0,7.96
2011-12-01,156.58,143.63,8.27
2012-01-01,156.62,144.06,8.02
2012-02-01,156.59,144.1,7.98
2012-03-01,156.53,144.27,7.83
2012-04-01,156.46,144.46,7.67
2012-05-01,156.43,144.01,7.94
2012-06-01,156.48,144.54,7.63
2012-07-01,156.6,144.32,7.84
2012-08-01,156.8,144.77,7.67
2012-09-01,157.03,145.31,7.46
2012-10-01,157.26,145.78,7.3
2012-11-01,157.46,146.01,7.27
2012-12-01,157.58,146.33,7.14
2013-01-01,157.62,145.87,7.46
2013-02-01,157.6,146.31,7.16
2013-03-01,157.53,146.17,7.21
2013-04-01,157.47,146.68,6.85
2013-05-01,157.44,146.5,6.95
2013-06-01,157.48,146.46,7.0
2013-07-01,157.61,146.97,6.75
2013-08-01,157.8,147.01,6.84
2013-09-01,158.03,147.75,6.51
2013-10-01,158.27,148.12,6.41
2013-11-01,158.46,148.08,6.55
2013-12-01,158.58,148.47,6.38
2014-01-01,158.63,148.43,6.43
2014-02-01,158.6,149.01,6.05
2014-03-01,158.54,148.55,6.3
2014-04-01,158.47,148.23,6.46
2014-05-01,158.44,148.83,6.07
2014-06-01,158.49,148.96,6.01
2014-07-01,158.61,149.17,5.95
2014-08-01,158.8,149.85,5.64
2014-09-01,159.04,149.75,5.84
2014-10-01,159.27,150.48,5.52
2014-11-01,159.46,150.55,5.59
2014-12-01,159.59,150.46,5.72
2015-01-01,159.63,151.0,5.41
2015-02-01,159.61,150.78,5.53
2015-03-01,159.54,150.67,5.56
2015-04-01,159.47,150.8,5.44
2015-05-01,159.45,151.14,5.21
2015-06-01,159.49,151.04,5.3
2015-07-01,159.61,150.77,5.54
2015-08-01,159.81,151.77,5.03
2015-09-01,160.04,151.7,5.21
2015-10-01,160.28,152.04,5.14
2015-11-01,160.47,152.14,5.19
2015-12-01,160.59,152.18,5.24
2016-01-01,160.64,152.11,5.31
2016-02-01,160.61,152.5,5.05
2016-03-01,160.54,152.28,5.15
2016-04-01,160.48,152.33,5.08
2016-05-01,160.45,152.36,5.04
2016-06-01,160.49,152.65,4.89
2016-07-01,160.62,152.91,4.8
2016-08-01,160.81,153.16,4.76
2016-09-01,161.05,153.38,4.76
2016-10-01,161.28,153.44,4.86
2016-11-01,161.47,153.59,4.88
2016-12-01,161.6,153.84,4.8
2017-01-01,161.64,154.11,4.66
2017-02-01,161.61,153.68,4.91
2017-03-01,161.55,153.71,4.85
2017-04-01,161.48,154.07,4.59
2017-05-01,161.46,154.19,4.5
2017-06-01,161.5,154.1,4.58
2017-07-01,161.62,154.04,4.69
2017-08-01,161.82,154.47,4.54
2017-09-01,162.05,154.69,4.54
2017-10-01,162.28,155.13,4.41
2017-11-01,162.48,155.23,4.46
2017-12-01,162.6,155.19,4.56
2018-01-01,162.64,155.63,4.31
2018-02-01,162.62,155.59,4.32
2018-03-01,162.55,155.55,4.31
2018-04-01,162.49,155.53,4.28
2018-05-01,162.46,155.9,4.04
2018-06-01,162.5,156.08,3.95
2018-07-01,162.63,156.07,4.03
2018-08-01,162.82,156.08,4.14
2018-09-01,163.05,156.29,4.15
2018-10-01,163.29,156.77,3.99
2018-11-01,163.48,156.65,4.18
2018-12-01,163.61,157.11,3.97
2019-01-01,163.65,157.17,3.96
2019-02-01,163.62,157.24,3.9
2019-03-01,163.56,157.16,3.91
2019-04-01,163.49,157.05,3.94
2019-05-01,163.46,157.07,3.91
2019-06-01,163.51,157.47,3.69
2019-07-01,163.63,157.18,3.94
2019-08-01,163.82,157.93,3.6
2019-09-01,164.06,157.97,3.71
2019-10-01,164.29,158.33,3.63
2019-11-01,164.49,158.71,3.51
2019-12-01,164.61,158.7,3.59
2020-01-01,164.65,154.53,6.15
2020-02-01,164.63,149.99,8.89
2020-03-01,164.56,145.78,11.41
2020-04-01,164.49,141.17,14.18
2020-05-01,164.47,142.18,13.55
2020-06-01,164.51,143.21,12.95
2020-07-01,164.64,144.07,12.49
2020-08-01,164.83,144.97,12.05
2020-09-01,165.06,146.0,11.55
2020-10-01,165.3,146.73,11.23
2020-11-01,165.49,147.75,10.72
2020-12-01,165.61,149.0,10.03
2021-01-01,165.66,149.9,9.51
2021-02-01,165.63,151.11,8.77
2021-03-01,165.56,151.39,8.56
2021-04-01,165.5,152.24,8.01
2021-05-01,165.47,152.9,7.6
2021-06-01,165.52,153.62,7.19
2021-07-01,165.64,154.58,6.68
2021-08-01,165.83,155.62,6.16
2021-09-01,166.07,156.62,5.69
2021-10-01,166.3,157.7,5.17
2021-11-01,166.49,158.65,4.71
2021-12-01,166.62,160.27,3.81
2022-01-01,166.66,159.76,4.14
2022-02-01,166.64,159.75,4.13
2022-03-01,166.57,159.77,4.08
2022-04-01,166.5,159.74,4.06
2022-05-01,166.48,159.57,4.15
2022-06-01,166.52,159.93,3.96
2022-07-01,166.64,159.53,4.27
2022-08-01,166.84,160.06,4.06
2022-09-01,167.07,160.47,3.95
2022-10-01,167.3,160.78,3.9
2022-11-01,167.5,161.0,3.88
2022-12-01,167.62,161.32,3.76
2023-01-01,167.67,161.24,3.83
2023-02-01,167.64,161.2,3.84
2023-03-01,167.57,161.12,3.85
2023-04-01,167.51,161.09,3.83
2023-05-01,167.48,161.28,3.7
2023-06-01,167.52,161.61,3.53
2023-07-01,167.65,161.55,3.64
2023-08-01,167.84,161.23,3.94
2023-09-01,168.08,161.55,3.88
2023-10-01,168.31,161.85,3.84
2023-11-01,168.5,162.23,3.72
2023-12-01,168.63,162.15,3.84
2024-01-01,168.67,162.41,3.71
2024-02-01,168.64,162.2,3.82
2024-03-01,168.58,162.04,3.88
2024-04-01,168.51,161.96,3.89
2024-05-01,168.48,161.63,4.07
2024-06-01,168.53,162.11,3.81
2024-07-01,168.65,162.07,3.9
2024-08-01,168.85,162.33,3.86
2024-09-01,169.08,162.49,3.9
2024-10-01,169.31,162.41,4.08
2024-11-01,169.51,162.9,3.9
2024-12-01,169.63,162.49,4.21
2025-01-01,169.67,162.7,4.11
2025-02-01,169.65,162.57,4.17
2025-03-01,169.58,162.43,4.22
2025-04-01,169.52,162.46,4.16
2025-05-01,169.49,162.12,4.35
2025-06-01,169.53,162.36,4.23
2025-07-01,169.66,162.28,4.35
2025-08-01,169.85,162.58,4.28
