phenomenonTime,water depth (m),CTD temperature (°C)
1957-05-14T00:00:00Z,10.0,7.2
1957-06-04T00:00:00Z,10.0,10.2
1957-06-14T00:00:00Z,10.0,12.6
1957-07-05T00:00:00Z,10.0,11.0
1957-07-30T00:00:00Z,10.0,16.3
1957-09-09T00:00:00Z,10.0,12.5
1957-10-31T00:00:00Z,10.0,11.1
1957-11-07T00:00:00Z,10.0,10.2
1957-11-28T00:00:00Z,10.0,7.2
1957-12-19T00:00:00Z,10.0,3.7
1958-01-15T00:00:00Z,10.0,2.5
1958-01-31T00:00:00Z,10.0,1.6
1958-03-20T00:00:00Z,10.0,0.5
1958-04-10T00:00:00Z,10.0,2.0
1958-05-07T00:00:00Z,10.0,4.5
1958-05-30T00:00:00Z,10.0,10.1
1958-06-19T00:00:00Z,10.0,13.2
1958-07-02T00:00:00Z,10.0,13.9
1958-07-23T00:00:00Z,10.0,13.4
1958-08-16T00:00:00Z,10.0,15.8
1958-09-01T00:00:00Z,10.0,15.9
1958-10-28T00:00:00Z,10.0,11.9
1958-11-25T00:00:00Z,10.0,8.3
1958-12-17T00:00:00Z,10.0,5.6
1959-01-20T00:00:00Z,10.0,3.0
1959-02-11T00:00:00Z,10.0,1.7
1959-03-09T00:00:00Z,10.0,2.3
1959-03-24T00:00:00Z,10.0,3.1
1959-05-12T00:00:00Z,10.0,9.4
1959-06-09T00:00:00Z,10.0,8.6
1959-07-06T00:00:00Z,10.0,15.7
1959-07-23T00:00:00Z,10.0,18.7
1959-08-28T00:00:00Z,10.0,19.1
1959-10-09T00:00:00Z,10.0,13.8
1959-10-26T00:00:00Z,10.0,12.3
1959-12-19T00:00:00Z,10.0,4.4
1960-01-06T00:00:00Z,10.0,4.6
1960-01-26T00:00:00Z,10.0,2.6
1960-02-11T00:00:00Z,10.0,0.8
1960-03-02T00:00:00Z,10.0,1.5
1960-03-31T00:00:00Z,10.0,2.0
1960-04-27T00:00:00Z,10.0,6.2
1960-05-30T00:00:00Z,10.0,10.1
1960-06-21T00:00:00Z,10.0,14.6
1960-07-06T00:00:00Z,10.0,13.3
1960-08-16T00:00:00Z,10.0,17.1
1960-09-06T00:00:00Z,10.0,16.0
1960-10-18T00:00:00Z,10.0,10.0
1960-11-08T00:00:00Z,10.0,9.6
1960-12-15T00:00:00Z,10.0,5.4
1961-01-27T00:00:00Z,10.0,1.4
1961-02-15T00:00:00Z,10.0,2.7
1961-03-13T00:00:00Z,10.0,3.7
1961-04-12T00:00:00Z,10.0,6.0
1961-05-25T00:00:00Z,10.0,10.8
1961-06-12T00:00:00Z,10.0,11.9
1961-07-12T00:00:00Z,10.0,14.1
1961-08-02T00:00:00Z,10.0,15.3
1961-09-07T00:00:00Z,10.0,14.8
1961-10-11T00:00:00Z,10.0,14.4
1961-11-16T00:00:00Z,10.0,9.1
1961-12-14T00:00:00Z,10.0,6.3
1962-03-06T00:00:00Z,10.0,0.9
1962-03-27T00:00:00Z,10.0,1.4
1962-04-18T00:00:00Z,10.0,3.6
1962-05-09T00:00:00Z,10.0,4.5
1962-05-24T00:00:00Z,10.0,6.2
1962-06-21T00:00:00Z,10.0,5.5
1962-07-18T00:00:00Z,10.0,16.6
1962-08-15T00:00:00Z,10.0,13.1
1962-09-05T00:00:00Z,10.0,13.0
1962-10-10T00:00:00Z,10.0,13.8
1962-10-25T00:00:00Z,10.0,12.8
1962-11-19T00:00:00Z,10.0,7.5
1962-12-11T00:00:00Z,10.0,5.3
1963-03-28T00:00:00Z,10.0,-0.3
1963-04-08T00:00:00Z,10.0,0.6
1963-05-15T00:00:00Z,10.0,1.4
1963-06-05T00:00:00Z,10.0,7.0
1963-07-02T00:00:00Z,10.0,9.9
1963-08-06T00:00:00Z,10.0,15.4
1963-09-03T00:00:00Z,10.0,14.5
1963-10-03T00:00:00Z,10.0,13.2
1963-11-04T00:00:00Z,10.0,10.1
1963-12-02T00:00:00Z,10.0,-9.9
1964-02-04T00:00:00Z,10.0,2.9
1964-02-25T00:00:00Z,10.0,1.0
1964-03-17T00:00:00Z,10.0,0.2
1964-04-07T00:00:00Z,10.0,1.0
1964-05-13T00:00:00Z,10.0,5.9
1964-06-09T00:00:00Z,10.0,11.1
1964-07-21T00:00:00Z,10.0,14.9
1964-08-27T00:00:00Z,10.0,15.9
1964-09-10T00:00:00Z,10.0,15.8
1964-10-20T00:00:00Z,10.0,11.4
1964-11-17T00:00:00Z,10.0,9.5
1964-12-15T00:00:00Z,10.0,6.8
1965-01-19T00:00:00Z,10.0,4.1
1965-02-17T00:00:00Z,10.0,1.7
1965-03-16T00:00:00Z,10.0,0.7
1965-04-24T00:00:00Z,10.0,4.8
1965-05-11T00:00:00Z,10.0,7.2
1965-06-15T00:00:00Z,10.0,13.5
1965-07-21T00:00:00Z,10.0,12.4
1965-08-24T00:00:00Z,10.0,16.1
1965-09-07T00:00:00Z,10.0,15.1
1965-10-05T00:00:00Z,10.0,14.1
1965-11-02T00:00:00Z,10.0,12.2
1965-12-07T00:00:00Z,10.0,4.5
1966-01-18T00:00:00Z,10.0,0.7
1966-03-14T00:00:00Z,10.0,0.9
1966-04-05T00:00:00Z,10.0,2.4
1966-05-10T00:00:00Z,10.0,5.2
1966-06-23T00:00:00Z,10.0,14.3
1966-07-12T00:00:00Z,10.0,9.6
1966-08-02T00:00:00Z,10.0,9.6
1966-10-03T00:00:00Z,10.0,13.3
1966-10-31T00:00:00Z,10.0,10.8
1966-12-06T00:00:00Z,10.0,7.0
1967-02-07T00:00:00Z,10.0,3.2
1967-03-06T00:00:00Z,10.0,3.0
1967-04-05T00:00:00Z,10.0,4.6
1967-05-08T00:00:00Z,10.0,7.2
1967-06-05T00:00:00Z,10.0,12.0
1967-07-03T00:00:00Z,10.0,12.6
1967-08-01T00:00:00Z,10.0,15.8
1967-09-18T00:00:00Z,10.0,14.4
1967-10-10T00:00:00Z,10.0,13.0
1967-11-06T00:00:00Z,10.0,10.1
1967-12-04T00:00:00Z,10.0,6.8
1968-01-08T00:00:00Z,10.0,2.9
1968-01-29T00:00:00Z,10.0,1.3
1968-02-20T00:00:00Z,10.0,1.0
1968-03-18T00:00:00Z,10.0,1.5
1968-04-02T00:00:00Z,10.0,3.7
1968-05-06T00:00:00Z,10.0,7.1
1968-06-12T00:00:00Z,10.0,13.3
1968-07-03T00:00:00Z,10.0,7.6
1968-08-19T00:00:00Z,10.0,16.7
1968-09-16T00:00:00Z,10.0,17.0
1968-10-21T00:00:00Z,10.0,12.0
1968-11-18T00:00:00Z,10.0,7.2
1968-12-19T00:00:00Z,10.0,4.1
1969-01-14T00:00:00Z,10.0,1.5
1969-02-25T00:00:00Z,10.0,0.1
1969-03-24T00:00:00Z,10.0,0.1
1969-04-22T00:00:00Z,10.0,2.1
1969-05-13T00:00:00Z,10.0,6.7
1969-06-18T00:00:00Z,10.0,10.7
1969-07-23T00:00:00Z,10.0,10.4
1969-08-15T00:00:00Z,10.0,18.9
1969-09-09T00:00:00Z,10.0,17.0
1969-10-06T00:00:00Z,10.0,13.5
1969-11-05T00:00:00Z,10.0,10.9
1969-12-02T00:00:00Z,10.0,5.8
1970-01-07T00:00:00Z,10.0,-0.1
1970-02-04T00:00:00Z,10.0,-0.7
1970-03-16T00:00:00Z,10.0,-0.4
1970-04-06T00:00:00Z,10.0,1.1
1970-05-19T00:00:00Z,10.0,8.4
1970-06-09T00:00:00Z,10.0,7.8
1970-07-14T00:00:00Z,10.0,12.9
1970-08-20T00:00:00Z,10.0,13.4
1970-09-29T00:00:00Z,10.0,13.3
1970-10-15T00:00:00Z,10.0,12.6
1970-11-02T00:00:00Z,10.0,10.6
1970-12-01T00:00:00Z,10.0,7.5
1971-01-19T00:00:00Z,10.0,2.0
1971-02-10T00:00:00Z,10.0,2.6
1971-03-11T00:00:00Z,10.0,0.8
1971-04-07T00:00:00Z,10.0,2.4
1971-05-10T00:00:00Z,10.0,6.6
1971-06-08T00:00:00Z,10.0,10.5
1971-07-13T00:00:00Z,10.0,17.9
1971-09-01T00:00:00Z,10.0,15.0
1971-10-05T00:00:00Z,10.0,14.0
1971-11-04T00:00:00Z,10.0,11.5
1971-12-06T00:00:00Z,10.0,6.2
1972-01-11T00:00:00Z,10.0,3.5
1972-02-08T00:00:00Z,10.0,-0.5
1972-03-08T00:00:00Z,10.0,0.7
1972-04-04T00:00:00Z,10.0,3.2
1972-05-05T00:00:00Z,8.0,6.5
1972-05-05T00:00:00Z,10.0,6.1
1972-06-12T00:00:00Z,10.0,10.3
1972-08-17T00:00:00Z,10.0,12.7
1972-09-11T00:00:00Z,10.0,16.1
1972-10-16T00:00:00Z,10.0,11.8
1972-11-08T00:00:00Z,7.0,10.3
1972-11-08T00:00:00Z,9.0,10.5
1972-11-08T00:00:00Z,10.0,10.4
1972-11-30T00:00:00Z,10.0,6.7
1973-01-11T00:00:00Z,10.0,3.1
1973-02-06T00:00:00Z,10.0,2.9
1973-02-06T00:00:00Z,11.0,3.0
1973-03-07T00:00:00Z,10.0,3.4
1973-03-07T00:00:00Z,11.0,3.4
1973-04-02T00:00:00Z,10.0,3.9
1973-05-02T00:00:00Z,10.0,5.6
1973-05-28T00:00:00Z,10.0,11.5
1973-07-05T00:00:00Z,10.0,18.2
1973-07-05T00:00:00Z,11.0,18.3
1973-07-30T00:00:00Z,9.0,17.7
1973-07-30T00:00:00Z,10.0,17.5
1973-07-30T00:00:00Z,12.0,16.5
1973-09-05T00:00:00Z,10.0,15.6
1973-10-05T00:00:00Z,10.0,13.8
1973-10-31T00:00:00Z,10.0,9.8
1973-12-05T00:00:00Z,10.0,4.2
1974-01-10T00:00:00Z,10.0,2.3
1974-02-06T00:00:00Z,10.0,2.8
1974-03-13T00:00:00Z,10.0,2.8
1974-04-05T00:00:00Z,10.0,4.7
1974-05-13T00:00:00Z,10.0,8.8
1974-06-05T00:00:00Z,10.0,11.8
1974-07-02T00:00:00Z,9.0,16.1
1974-07-02T00:00:00Z,10.0,11.6
1974-07-02T00:00:00Z,12.0,10.7
1974-08-20T00:00:00Z,7.0,17.7
1974-08-20T00:00:00Z,8.0,16.8
1974-08-20T00:00:00Z,10.0,15.5
1974-09-09T00:00:00Z,10.0,15.3
1974-10-01T00:00:00Z,10.0,14.2
1974-11-06T00:00:00Z,10.0,8.2
1974-12-03T00:00:00Z,10.0,7.2
1975-01-07T00:00:00Z,10.0,5.7
1975-02-04T00:00:00Z,10.0,4.8
1975-03-04T00:00:00Z,10.0,3.4
1975-04-08T00:00:00Z,10.0,3.7
1975-05-21T00:00:00Z,10.0,11.4
1975-06-11T00:00:00Z,9.0,10.8
1975-06-11T00:00:00Z,10.0,10.5
1975-06-11T00:00:00Z,12.0,10.2
1975-07-01T00:00:00Z,10.0,16.0
1975-07-01T00:00:00Z,12.0,16.0
1975-08-04T00:00:00Z,8.0,17.3
1975-08-04T00:00:00Z,10.0,15.1
1975-09-02T00:00:00Z,10.0,18.9
1975-09-02T00:00:00Z,12.0,16.5
1975-10-02T00:00:00Z,10.0,14.1
1975-11-04T00:00:00Z,10.0,10.0
1975-12-02T00:00:00Z,10.0,6.7
1979-03-12T00:00:00Z,10.0,-0.25
1979-04-04T00:00:00Z,10.0,1.35
1979-04-19T00:00:00Z,10.0,3.45
1979-07-09T00:00:00Z,10.0,15.22
1979-08-15T00:00:00Z,10.0,13.18
1979-09-02T00:00:00Z,10.0,15.28
1979-10-01T00:00:00Z,10.0,13.13
1979-11-22T00:00:00Z,10.0,6.29
1980-01-28T00:00:00Z,10.0,0.5
1980-03-24T00:00:00Z,10.0,0.72
1980-05-06T00:00:00Z,10.0,5.93
1980-07-21T00:00:00Z,10.0,11.6
1980-09-05T00:00:00Z,10.0,14.83
1980-09-22T00:00:00Z,10.0,13.7
1980-11-28T00:00:00Z,10.0,7.29
1981-01-07T00:00:00Z,10.0,3.4
1981-02-23T00:00:00Z,10.0,1.18
1981-04-13T00:00:00Z,10.0,4.4
1981-07-01T00:00:00Z,10.0,14.57
1981-10-05T00:00:00Z,10.0,14.41
1982-01-05T00:00:00Z,10.0,1.57
1982-04-13T00:00:00Z,10.0,4.1
1982-08-12T00:00:00Z,10.0,17.98
1982-08-24T00:00:00Z,10.0,11.12
1982-10-11T00:00:00Z,10.0,13.67
1982-12-01T00:00:00Z,10.0,8.28
1983-08-28T00:00:00Z,10.0,19.53
1985-04-09T00:00:00Z,10.0,2.94
1986-01-07T00:00:00Z,10.0,2.47
1986-02-11T00:00:00Z,10.0,-0.41
1986-03-11T00:00:00Z,10.0,-0.2
1986-04-07T00:00:00Z,10.0,1.24
1986-05-22T00:00:00Z,10.0,6.5
1986-06-09T00:00:00Z,10.0,9.13
1986-07-21T00:00:00Z,10.0,12.29
1986-08-07T00:00:00Z,10.0,14.71
1986-09-15T00:00:00Z,10.0,13.38
1986-10-20T00:00:00Z,10.0,11.7
1986-12-02T00:00:00Z,10.0,8.31
1986-12-18T00:00:00Z,10.0,6.71
1987-02-19T00:00:00Z,10.0,-0.16
1987-04-14T00:00:00Z,10.0,2.65
1987-06-18T00:00:00Z,10.0,11.4
1987-09-16T00:00:00Z,10.0,14.68
1987-11-23T00:00:00Z,10.0,8.59
1988-01-18T00:00:00Z,10.0,5.0
1988-04-19T00:00:00Z,10.0,4.52
1988-05-30T00:00:00Z,10.0,9.39
1988-06-20T00:00:00Z,10.0,16.32
1988-07-21T00:00:00Z,10.0,13.39
1988-08-22T00:00:00Z,10.0,11.15
1988-09-14T00:00:00Z,10.0,15.47
1988-10-10T00:00:00Z,10.0,11.91
1988-11-06T00:00:00Z,10.0,8.09
1988-12-08T00:00:00Z,10.0,4.66
1989-01-17T00:00:00Z,10.0,4.39
1989-02-14T00:00:00Z,10.0,4.38
1989-03-08T00:00:00Z,10.0,4.62
1989-04-11T00:00:00Z,10.0,5.74
1989-05-08T00:00:00Z,10.0,9.2
1989-06-13T00:00:00Z,10.0,10.05
1989-07-13T00:00:00Z,10.0,14.29
1989-08-27T00:00:00Z,10.0,16.88
1989-09-12T00:00:00Z,10.0,15.41
1989-10-17T00:00:00Z,10.0,12.63
1989-11-20T00:00:00Z,10.0,8.72
1989-12-18T00:00:00Z,10.0,5.06
1990-01-22T00:00:00Z,10.0,4.38
1990-02-14T00:00:00Z,10.0,4.53
1990-03-13T00:00:00Z,10.0,5.09
1990-04-17T00:00:00Z,10.0,6.62
1990-07-19T00:00:00Z,10.0,16.09
1990-08-21T00:00:00Z,10.0,13.86
1990-09-18T00:00:00Z,10.0,16.13
1990-10-16T00:00:00Z,10.0,12.82
1990-11-14T00:00:00Z,10.0,10.31
1990-12-13T00:00:00Z,10.0,5.16
1991-01-15T00:00:00Z,10.0,4.03
1991-02-13T00:00:00Z,10.0,0.65
1991-03-20T00:00:00Z,10.0,2.68
1991-04-15T00:00:00Z,10.0,3.5
1991-05-21T00:00:00Z,10.0,8.48
1991-06-17T00:00:00Z,10.0,10.02
1991-07-22T00:00:00Z,10.0,15.44
1991-08-14T00:00:00Z,10.0,18.41
1991-09-10T00:00:00Z,10.0,17.09
1991-10-17T00:00:00Z,10.0,13.18
1991-11-12T00:00:00Z,10.0,8.4
1991-12-12T00:00:00Z,10.0,6.04
1992-01-30T00:00:00Z,10.0,3.57
1992-02-11T00:00:00Z,10.0,3.6
1992-02-20T00:00:00Z,10.0,3.14
1992-02-27T00:00:00Z,10.0,3.6
1992-03-04T00:00:00Z,10.0,3.8
1992-03-19T00:00:00Z,10.0,3.9
1992-03-26T00:00:00Z,10.0,4.4
1992-03-30T00:00:00Z,10.0,4.36
1992-04-21T00:00:00Z,10.0,6.18
1992-05-13T00:00:00Z,10.0,7.37
1992-06-16T00:00:00Z,10.0,16.76
1992-07-09T00:00:00Z,10.0,17.04
1992-08-06T00:00:00Z,10.0,14.3
1992-08-17T00:00:00Z,10.0,13.22
1992-08-27T00:00:00Z,10.0,14.0
1992-09-03T00:00:00Z,10.0,13.6
1992-09-09T00:00:00Z,10.0,13.91
1992-09-17T00:00:00Z,10.0,14.7
1992-09-24T00:00:00Z,10.0,14.5
1992-10-01T00:00:00Z,10.0,14.4
1992-10-12T00:00:00Z,10.0,12.28
1992-11-16T00:00:00Z,10.0,7.75
1992-12-15T00:00:00Z,10.0,5.87
1993-01-19T00:00:00Z,10.0,3.55
1993-02-02T00:00:00Z,10.0,3.1
1993-02-10T00:00:00Z,10.0,3.0
1993-02-14T00:00:00Z,10.0,3.03
1993-02-24T00:00:00Z,10.0,2.3
1993-03-04T00:00:00Z,10.0,2.1
1993-03-09T00:00:00Z,10.0,2.1
1993-03-16T00:00:00Z,10.0,2.26
1993-03-24T00:00:00Z,10.0,2.9
1993-03-31T00:00:00Z,10.0,4.1
1993-04-05T00:00:00Z,10.0,4.2
1993-04-15T00:00:00Z,10.0,4.69
1993-04-21T00:00:00Z,10.0,5.7
1993-05-17T00:00:00Z,10.0,11.81
1993-06-14T00:00:00Z,10.0,13.19
1993-07-13T00:00:00Z,10.0,13.25
1993-08-23T00:00:00Z,10.0,15.27
1993-09-16T00:00:00Z,10.0,14.26
1993-10-12T00:00:00Z,10.0,12.47
1993-11-15T00:00:00Z,10.0,7.76
1993-12-16T00:00:00Z,10.0,5.21
1994-01-25T00:00:00Z,10.0,3.73
1994-02-23T00:00:00Z,10.0,0.91
1994-03-15T00:00:00Z,10.0,1.71
1994-04-18T00:00:00Z,10.0,5.73
1994-05-25T00:00:00Z,10.0,11.74
1994-06-21T00:00:00Z,10.0,10.29
1994-07-27T00:00:00Z,10.0,17.54
1994-08-17T00:00:00Z,10.0,18.97
1994-09-18T00:00:00Z,10.0,14.07
1994-10-20T00:00:00Z,10.0,10.45
1994-11-14T00:00:00Z,10.0,8.36
1994-12-12T00:00:00Z,10.0,7.71
1995-01-18T00:00:00Z,10.0,3.18
1995-02-06T00:00:00Z,10.0,3.0
1995-03-21T00:00:00Z,10.0,3.34
1995-04-18T00:00:00Z,10.0,4.07
1995-05-08T00:00:00Z,10.0,11.13
1995-06-08T00:00:00Z,10.0,8.24
1995-07-13T00:00:00Z,10.0,15.36
1995-08-23T00:00:00Z,10.0,16.17
1995-09-13T00:00:00Z,10.0,16.48
1995-10-30T00:00:00Z,10.0,11.97
1995-11-22T00:00:00Z,10.0,7.42
1995-12-13T00:00:00Z,10.0,4.29
1996-01-17T00:00:00Z,10.0,0.88
1996-02-29T00:00:00Z,10.0,-0.81
1996-03-06T00:00:00Z,10.0,-0.7
1996-03-22T00:00:00Z,10.0,-0.36
1996-03-27T00:00:00Z,10.0,-0.5
1996-03-28T00:00:00Z,10.0,-0.33
1996-04-02T00:00:00Z,10.0,0.3
1996-04-11T00:00:00Z,10.0,2.06
1996-05-13T00:00:00Z,10.0,6.54
1996-06-05T00:00:00Z,10.0,8.33
1996-06-27T00:00:00Z,10.0,6.92
1996-07-04T00:00:00Z,10.0,8.1
1996-07-11T00:00:00Z,10.0,14.23
1996-07-18T00:00:00Z,10.0,13.84
1996-07-25T00:00:00Z,10.0,12.02
1996-08-02T00:00:00Z,10.0,12.78
1996-08-08T00:00:00Z,10.0,13.31
1996-08-15T00:00:00Z,10.0,17.19
1996-08-21T00:00:00Z,10.0,17.18
1996-08-29T00:00:00Z,10.0,18.52
1996-09-12T00:00:00Z,10.0,16.19
1996-09-19T00:00:00Z,10.0,15.11
1996-09-26T00:00:00Z,10.0,13.75
1996-10-16T00:00:00Z,10.0,12.92
1996-11-12T00:00:00Z,10.0,9.96
1996-12-10T00:00:00Z,10.0,6.28
1997-01-15T00:00:00Z,10.0,0.94
1997-02-11T00:00:00Z,10.0,1.72
1997-02-18T00:00:00Z,10.0,2.85
1997-02-25T00:00:00Z,10.0,3.41
1997-03-04T00:00:00Z,10.0,3.58
1997-03-11T00:00:00Z,10.0,3.76
1997-03-17T00:00:00Z,10.0,4.29
1997-03-24T00:00:00Z,10.0,3.73
1997-04-04T00:00:00Z,10.0,5.0
1997-04-14T00:00:00Z,10.0,5.45
1997-04-15T00:00:00Z,10.0,5.43
1997-04-17T00:00:00Z,10.0,5.62
1997-04-18T00:00:00Z,10.0,5.9
1997-04-30T00:00:00Z,10.0,6.57
1997-05-06T00:00:00Z,10.0,5.9
1997-05-30T00:00:00Z,10.0,10.42
1997-06-05T00:00:00Z,10.0,11.08
1997-06-18T00:00:00Z,10.0,15.46
1997-07-02T00:00:00Z,10.0,13.53
1997-07-09T00:00:00Z,10.0,17.87
1997-07-15T00:00:00Z,10.0,12.43
1997-07-23T00:00:00Z,10.0,18.4
1997-07-30T00:00:00Z,10.0,18.23
1997-08-05T00:00:00Z,10.0,19.9
1997-08-12T00:00:00Z,10.0,14.91
1997-08-18T00:00:00Z,10.0,19.34
1997-08-25T00:00:00Z,10.0,18.96
1997-09-01T00:00:00Z,10.0,18.38
1997-09-08T00:00:00Z,10.0,14.93
1997-09-18T00:00:00Z,10.0,14.26
1997-09-25T00:00:00Z,9.0,14.44
1997-10-22T00:00:00Z,10.0,11.76
1997-11-13T00:00:00Z,10.0,8.73
1997-12-10T00:00:00Z,10.0,6.1
1998-01-14T00:00:00Z,10.0,5.0
1998-02-12T00:00:00Z,10.0,4.8
1998-02-25T00:00:00Z,10.0,5.2
1998-03-11T00:00:00Z,10.0,4.24
1998-03-26T00:00:00Z,10.0,4.27
1998-04-01T00:00:00Z,10.0,4.71
1998-04-22T00:00:00Z,10.0,5.97
1998-05-11T00:00:00Z,9.0,8.58
1998-06-10T00:00:00Z,10.0,10.27
1998-06-25T00:00:00Z,10.0,11.38
1998-07-02T00:00:00Z,10.0,13.68
1998-07-08T00:00:00Z,10.0,15.28
1998-07-15T00:00:00Z,10.0,11.21
1998-07-22T00:00:00Z,10.0,12.41
1998-07-29T00:00:00Z,10.0,15.19
1998-08-11T00:00:00Z,10.0,16.83
1998-08-19T00:00:00Z,10.0,17.36
1998-08-26T00:00:00Z,10.0,16.07
1998-09-01T00:00:00Z,10.0,16.42
1998-09-08T00:00:00Z,9.0,15.03
1998-09-16T00:00:00Z,10.0,14.91
1998-09-21T00:00:00Z,10.0,14.51
1998-10-15T00:00:00Z,10.0,11.56
1999-01-26T09:51:00Z,10.0,4.08
1999-02-12T09:00:00Z,10.0,2.36
1999-03-25T09:00:00Z,10.0,3.23
1999-04-27T07:54:00Z,10.0,4.57
1999-05-25T12:57:00Z,10.0,9.56
1999-06-18T07:55:00Z,10.0,13.62
1999-07-15T08:00:00Z,10.0,16.37
1999-08-17T07:52:00Z,10.0,15.0
1999-09-17T00:00:00Z,10.0,17.09
1999-10-18T07:55:00Z,10.0,13.3
1999-11-16T08:52:00Z,10.0,8.77
1999-12-15T10:43:00Z,10.0,6.3
2000-01-18T10:40:00Z,10.0,4.07
2000-02-08T10:20:00Z,10.0,3.93
2000-03-15T10:10:00Z,10.0,4.09
2000-04-17T10:50:00Z,10.0,5.53
2000-05-17T10:10:00Z,10.0,10.6
2000-06-28T09:00:00Z,10.0,14.25
2000-07-12T09:40:00Z,10.0,10.18
2000-08-08T10:20:00Z,10.0,16.77
2000-09-27T09:30:00Z,10.0,13.8
2000-10-24T08:37:00Z,10.0,12.65
2000-11-28T09:43:00Z,10.0,8.79
2000-12-18T09:38:00Z,10.0,8.23
2001-01-16T09:47:00Z,10.0,4.02
2001-02-15T09:48:00Z,10.0,2.82
2001-03-13T09:36:00Z,10.0,3.28
2001-04-18T08:37:00Z,10.0,4.51
2001-05-31T09:08:00Z,10.0,12.09
2001-06-28T00:00:00Z,10.0,10.92
2001-07-11T09:45:00Z,10.0,13.45
2001-08-09T09:00:00Z,10.0,10.59
2001-09-10T00:00:00Z,10.0,16.03
2001-10-16T08:08:00Z,10.0,13.93
2001-11-06T09:15:00Z,10.0,11.63
2002-01-08T15:05:00Z,10.0,2.44
2002-03-11T09:39:00Z,10.0,4.38
2002-04-10T09:13:00Z,10.0,5.94
2002-05-21T00:00:00Z,10.0,10.48
2002-06-18T10:31:00Z,10.0,14.94
2002-07-09T00:00:00Z,10.0,12.94
2002-08-20T00:00:00Z,10.0,18.73
2002-09-17T08:43:00Z,10.0,19.29
2002-10-15T00:00:00Z,10.0,12.04
2002-11-19T00:00:00Z,10.0,7.67
2002-12-17T00:00:00Z,10.0,3.54
2003-01-23T10:41:00Z,10.0,1.88
2003-02-18T09:27:00Z,10.0,0.36
2003-03-11T09:52:00Z,10.0,1.3
2003-04-24T11:30:00Z,10.0,7.18
2003-05-13T10:37:00Z,10.0,7.92
2003-06-17T10:32:00Z,10.0,10.88
2003-07-15T08:13:00Z,10.0,14.78
2003-08-13T08:51:00Z,10.0,21.29
2003-09-08T08:29:00Z,10.0,17.04
2003-10-14T08:52:00Z,10.0,12.85
2003-11-12T10:29:00Z,10.0,8.85
2003-12-04T09:44:00Z,10.0,8.34
2004-01-20T10:49:00Z,10.0,3.43
2004-02-18T09:45:00Z,10.0,2.98
2004-03-16T09:49:00Z,10.0,2.62
2004-04-15T09:36:00Z,10.0,5.27
2004-05-11T10:50:00Z,10.0,9.6
2004-06-21T10:37:00Z,10.0,11.85
2004-07-13T10:35:00Z,10.0,13.03
2004-08-10T08:38:00Z,10.0,18.64
2004-09-13T09:06:00Z,10.0,14.6
2004-10-13T08:42:00Z,10.0,13.44
2004-11-09T08:34:00Z,10.0,10.27
2004-12-15T09:39:00Z,10.0,6.44
2005-01-18T09:37:00Z,10.0,5.01
2005-02-22T09:48:00Z,10.0,1.94
2005-03-29T09:54:00Z,10.0,2.5
2005-04-26T08:32:00Z,10.0,5.94
2005-05-20T08:36:00Z,10.0,5.02
2005-06-21T08:51:00Z,10.0,10.37
2005-07-28T08:58:00Z,10.0,17.38
2005-08-11T08:42:00Z,10.0,16.81
2005-09-14T10:38:00Z,10.0,17.68
2005-10-26T08:52:00Z,10.0,13.9
2005-11-15T09:57:00Z,10.0,11.91
2005-12-13T10:41:00Z,10.0,6.73
2006-01-17T10:27:00Z,10.0,2.7
2006-02-14T10:31:00Z,10.0,1.56
2006-03-14T11:17:00Z,10.0,1.32
2006-04-21T11:02:00Z,10.0,3.42
2006-05-17T10:26:00Z,10.0,10.31
2006-06-21T11:19:00Z,10.0,13.52
2006-07-27T11:19:00Z,10.0,16.5
2006-08-17T08:59:00Z,10.0,16.11
2006-09-20T00:00:00Z,10.0,16.52
2006-10-11T09:11:00Z,10.0,15.61
2006-11-14T10:14:00Z,10.0,10.58
2006-12-12T08:28:00Z,10.0,8.59
2007-02-22T10:34:00Z,10.0,3.83
2007-03-15T10:31:00Z,10.0,4.41
2007-04-05T10:23:00Z,10.0,6.78
2007-05-04T00:00:00Z,10.0,8.19
2007-05-14T00:00:00Z,10.0,10.05
2007-06-14T11:10:00Z,10.0,15.55
2007-08-16T10:43:00Z,10.0,14.26
2007-09-12T08:53:00Z,10.0,16.02
2007-10-16T08:48:00Z,10.0,13.13
2007-11-13T09:26:00Z,10.0,9.19
2007-12-11T09:35:00Z,10.0,6.84
2008-01-17T09:30:00Z,10.0,4.45
2008-02-19T09:25:00Z,10.0,3.77
2008-04-16T11:48:00Z,10.0,6.38
2008-05-20T10:37:00Z,10.0,13.59
2008-06-24T10:35:00Z,10.0,13.48
2008-07-09T09:35:00Z,10.0,11.3
2008-08-19T15:44:00Z,10.0,15.37
2008-09-15T15:33:00Z,10.0,15.81
2008-09-16T14:49:00Z,10.0,15.42
2008-09-17T14:50:00Z,10.0,15.63
2008-09-18T14:54:00Z,10.0,15.61
2008-10-27T12:45:00Z,10.0,12.45
2008-11-17T10:14:00Z,10.0,9.79
2008-12-08T10:46:00Z,10.0,6.58
2009-01-19T10:25:00Z,10.0,5.04
2009-02-10T10:30:00Z,10.0,2.54
2009-03-02T10:09:00Z,10.0,2.53
2009-04-24T10:08:00Z,10.0,7.74
2009-05-20T10:13:00Z,10.0,11.37
2009-06-23T10:00:38Z,10.0,14.3
2009-07-14T10:04:26Z,10.0,15.49
2009-08-20T09:49:09Z,10.0,14.79
2009-09-15T09:55:47Z,10.0,16.21
2009-10-19T11:48:26Z,10.0,10.94
2009-12-15T09:46:42Z,10.0,6.48
2010-01-19T09:50:36Z,10.0,1.28
2010-03-19T09:48:06Z,10.0,1.03
2010-03-19T10:11:02Z,10.0,0.76
2010-03-19T10:40:02Z,10.0,0.67
2010-03-19T11:03:16Z,10.0,0.99
2010-04-26T09:47:28Z,10.0,4.69
2010-04-26T10:11:50Z,10.0,4.6
2010-04-26T10:28:12Z,10.0,4.54
2010-05-19T10:40:55Z,10.0,9.19
2010-05-19T11:01:49Z,10.0,9.2
2010-05-19T11:19:31Z,10.0,9.22
2010-05-19T11:35:34Z,10.0,9.21
2010-06-02T10:16:43Z,10.0,11.7
2010-07-01T10:05:47Z,10.0,14.08
2010-07-01T10:30:13Z,10.0,14.21
2010-07-01T10:47:59Z,10.0,14.29
2010-07-01T13:46:04Z,10.0,14.12
2010-08-10T09:46:58Z,10.0,16.14
2010-09-21T10:00:32Z,10.0,14.09
2010-09-21T10:25:04Z,10.0,14.02
2010-09-21T10:44:47Z,10.0,14.02
2010-09-21T11:01:19Z,10.0,14.09
2010-10-13T10:01:22Z,10.0,12.83
2010-10-13T10:21:01Z,10.0,12.92
2010-10-13T10:39:33Z,10.0,12.82
2010-11-16T10:01:22Z,10.0,9.53
2010-11-16T10:21:01Z,10.0,9.54
2010-11-16T10:39:33Z,10.0,9.53
2011-02-18T09:52:20Z,10.0,1.4
2011-03-08T09:55:02Z,10.0,0.45
2011-03-08T10:18:25Z,10.0,0.46
2011-03-08T10:35:23Z,10.0,0.46
2011-03-08T11:02:46Z,10.0,0.48
2011-04-19T09:51:25Z,10.0,3.9
2011-04-19T10:14:08Z,10.0,3.73
2011-04-19T10:30:13Z,10.0,3.78
2011-05-13T09:50:37Z,10.0,11.49
2011-05-13T10:14:26Z,10.0,11.51
2011-05-13T10:32:06Z,10.0,11.27
2011-06-21T09:48:32Z,10.0,11.01
2011-06-21T10:09:41Z,10.0,11.72
2011-06-21T10:25:49Z,10.0,11.68
2011-07-25T09:48:36Z,10.0,14.34
2011-07-25T10:09:41Z,10.0,14.78
2011-07-25T10:25:49Z,10.0,14.94
2011-08-01T10:01:09Z,10.0,16.26
2011-08-01T10:20:30Z,10.0,16.29
2011-08-01T10:34:20Z,10.0,16.06
2011-08-01T10:56:53Z,10.0,17.14
2011-08-01T10:56:53Z,10.0,17.15
2011-08-01T11:06:18Z,9.0,17.56
2011-08-01T11:06:18Z,9.0,17.58
2011-08-01T11:06:18Z,9.0,17.59
2011-09-21T11:06:18Z,10.0,12.84
2011-09-21T11:06:18Z,10.0,12.87
2011-09-21T11:06:18Z,10.0,12.83
2011-09-21T11:06:18Z,10.0,12.844
2011-09-21T11:06:18Z,10.0,12.872
2011-09-21T11:06:18Z,10.0,12.825
2011-11-08T09:54:43Z,10.0,10.64
2011-11-08T10:21:55Z,10.0,10.62
2011-11-08T10:46:11Z,10.0,10.63
2012-01-11T09:54:43Z,10.0,5.25
2012-01-11T10:21:55Z,10.0,5.25
2012-01-11T10:46:11Z,10.0,5.25
2012-01-11T11:07:35Z,10.0,5.26
2012-03-13T10:26:25Z,10.0,3.13
2012-03-13T10:26:25Z,10.0,3.125
2012-03-13T11:06:16Z,10.0,3.26
2012-03-13T11:06:16Z,10.0,3.259
2012-03-13T12:00:53Z,10.0,3.26
2012-03-13T12:00:53Z,10.0,3.258
2012-03-13T12:29:29Z,10.0,3.39
2012-04-10T12:50:17Z,10.0,5.14
2012-04-10T12:50:17Z,10.0,5.13
2012-04-10T12:50:17Z,10.0,5.12
2012-04-10T12:50:17Z,10.0,5.12
2012-04-10T12:50:17Z,10.0,5.141
2012-04-10T12:50:17Z,10.0,5.129
2012-04-10T12:50:17Z,10.0,5.122
2012-04-10T12:50:17Z,10.0,5.119
2012-05-14T09:58:42Z,10.0,9.32
2012-05-14T10:29:56Z,10.0,9.35
2012-05-14T10:29:56Z,10.0,9.347
2012-05-14T10:50:01Z,10.0,9.32
2012-05-14T10:50:01Z,10.0,9.324
2012-05-14T11:04:09Z,10.0,9.36
2012-05-14T11:04:09Z,10.0,9.356
2012-06-26T09:42:23Z,10.0,13.47
2012-06-26T09:42:23Z,10.0,13.468
2012-06-26T10:16:27Z,10.0,13.54
2012-06-26T10:16:27Z,10.0,13.538
2012-06-26T10:40:48Z,10.0,12.94
2012-06-26T10:40:48Z,10.0,12.942
2012-06-26T11:02:44Z,10.0,13.12
2012-06-26T11:02:44Z,10.0,13.121
2012-06-26T11:16:55Z,10.0,13.29
2012-06-26T11:16:55Z,10.0,13.294
2012-06-26T12:01:41Z,10.0,12.81
2012-07-16T11:36:19Z,10.0,14.1
2012-07-16T11:36:19Z,10.0,14.102
2012-07-16T12:02:40Z,10.0,13.99
2012-07-16T12:20:26Z,10.0,13.98
2012-07-16T12:20:26Z,10.0,13.978
2012-07-16T12:39:04Z,10.0,14.0
2012-07-16T12:39:04Z,10.0,13.996
2012-07-16T13:04:07Z,10.0,13.74
2012-07-16T13:04:07Z,10.0,13.736
2012-07-16T13:32:03Z,10.0,13.64
2012-07-16T13:32:03Z,10.0,13.636
2012-08-07T09:50:20Z,10.0,12.61
2012-08-07T09:50:20Z,10.0,12.609
2012-08-07T10:21:03Z,10.0,12.86
2012-08-07T10:21:03Z,10.0,12.858
2012-08-07T10:43:44Z,10.0,12.84
2012-08-07T10:43:44Z,10.0,12.842
2012-08-07T11:01:45Z,10.0,12.69
2012-08-07T11:01:45Z,10.0,12.689
2012-09-27T10:14:06Z,10.0,13.86
2012-09-27T10:14:06Z,10.0,13.857
2012-09-27T10:39:37Z,10.0,13.96
2012-09-27T10:59:07Z,10.0,13.8
2012-09-27T10:59:07Z,10.0,13.799
2012-09-27T11:15:54Z,10.0,13.74
2012-09-27T11:15:54Z,10.0,13.736
2012-10-02T09:46:32Z,10.0,13.5
2012-10-02T09:46:32Z,10.0,13.503
2012-10-02T10:08:00Z,10.0,13.5
2012-10-02T10:08:00Z,10.0,13.502
2012-10-02T10:27:58Z,10.0,13.52
2012-10-02T10:27:58Z,10.0,13.518
2012-10-02T10:45:15Z,10.0,13.5
2012-10-02T10:45:15Z,10.0,13.499
2012-11-06T09:55:43Z,10.0,9.51
2012-11-06T09:55:43Z,10.0,9.507
2012-11-06T10:21:17Z,10.0,9.73
2012-11-06T10:21:17Z,10.0,9.732
2012-11-06T10:38:09Z,10.0,9.61
2012-11-06T10:38:09Z,10.0,9.607
2012-11-06T10:52:10Z,10.0,9.73
2012-11-06T10:52:10Z,10.0,9.728
2012-12-04T09:50:43Z,10.0,8.13
2012-12-04T09:50:43Z,10.0,8.128
2012-12-04T10:17:05Z,10.0,8.06
2012-12-04T10:17:05Z,10.0,8.064
2012-12-04T10:34:18Z,10.0,8.0
2012-12-04T10:34:18Z,10.0,7.997
2012-12-04T10:48:39Z,10.0,7.79
2012-12-04T10:48:39Z,10.0,7.794
2013-02-06T10:49:59Z,10.0,2.03
2013-02-06T10:49:59Z,10.0,2.034
2013-02-06T11:18:14Z,10.0,2.03
2013-02-06T11:18:14Z,10.0,2.033
2013-02-06T12:10:07Z,10.0,2.03
2013-02-06T12:10:07Z,10.0,2.034
2013-02-06T12:24:43Z,10.0,2.04
2013-02-06T12:24:43Z,10.0,2.038
2013-02-06T12:34:17Z,10.0,2.03
2013-02-06T12:34:17Z,10.0,2.032
2013-03-05T10:51:02Z,10.0,1.22
2013-03-05T10:51:02Z,10.0,1.222
2013-03-05T11:22:15Z,10.0,1.23
2013-03-05T11:22:15Z,10.0,1.225
2013-03-05T12:10:32Z,10.0,1.25
2013-03-05T12:10:32Z,10.0,1.253
2013-03-05T12:28:25Z,10.0,1.22
2013-03-05T12:28:25Z,10.0,1.217
2013-04-03T10:14:50Z,10.0,1.07
2013-04-03T10:14:50Z,10.0,1.067
2013-04-03T10:44:03Z,10.0,1.04
2013-04-03T10:44:03Z,10.0,1.044
2013-04-03T11:07:49Z,10.0,1.14
2013-04-03T11:07:49Z,10.0,1.139
2013-04-03T11:21:38Z,10.0,1.11
2013-04-03T11:21:38Z,10.0,1.114
2013-04-03T12:08:33Z,10.0,1.09
2013-04-03T12:08:33Z,10.0,1.094
2013-05-24T10:33:39Z,10.0,11.13
2013-05-24T10:33:39Z,10.0,11.125
2013-05-24T11:02:13Z,10.0,10.57
2013-05-24T11:02:13Z,10.0,10.568
2013-05-24T11:21:51Z,10.0,10.74
2013-05-24T11:21:51Z,10.0,10.738
2013-05-24T11:55:20Z,10.0,10.7
2013-05-24T11:55:20Z,10.0,10.704
2013-05-24T12:13:28Z,10.0,10.71
2013-05-24T12:13:28Z,10.0,10.714
2013-06-04T10:10:04Z,10.0,13.79
2013-06-04T10:10:04Z,10.0,13.793
2013-06-04T10:30:18Z,10.0,13.74
2013-06-04T10:30:18Z,10.0,13.739
2013-06-04T10:49:35Z,10.0,13.65
2013-06-04T10:49:35Z,10.0,13.651
2013-06-04T10:59:59Z,10.0,13.68
2013-06-04T10:59:59Z,10.0,13.684
2013-06-04T11:08:26Z,10.0,13.68
2013-06-04T11:08:26Z,10.0,13.679
2013-07-04T10:30:39Z,10.0,8.15
2013-07-04T10:30:39Z,10.0,8.147
2013-07-04T11:04:53Z,10.0,8.17
2013-07-04T11:04:53Z,10.0,8.169
2013-07-04T11:32:15Z,10.0,8.12
2013-07-04T11:59:42Z,10.0,8.09
2013-07-04T11:59:42Z,10.0,8.089
2013-07-04T12:20:49Z,10.0,8.13
2013-07-04T12:20:49Z,10.0,8.125
2013-07-04T12:38:47Z,10.0,8.21
2013-07-04T12:38:47Z,10.0,8.208
2013-08-28T11:05:05Z,10.0,16.73
2013-08-28T11:05:05Z,10.0,16.733
2013-08-28T11:29:43Z,10.0,16.73
2013-08-28T11:29:43Z,10.0,16.728
2013-08-28T11:47:45Z,10.0,16.73
2013-08-28T11:47:45Z,10.0,16.7277
2013-08-28T12:20:39Z,10.0,16.65
2013-08-28T12:20:39Z,10.0,16.645
2013-08-28T12:40:44Z,10.0,16.87
2013-08-28T12:40:44Z,10.0,16.85
2013-08-28T12:40:44Z,10.0,16.871
2013-08-28T12:40:44Z,10.0,16.851
2013-08-28T12:56:23Z,10.0,16.47
2013-08-28T12:56:23Z,10.0,16.471
2013-09-24T10:09:55Z,10.0,15.76
2013-09-24T10:09:55Z,10.0,15.761
2013-09-24T10:31:40Z,10.0,15.74
2013-09-24T10:31:40Z,10.0,15.739
2013-09-24T10:49:37Z,10.0,15.71
2013-09-24T10:49:37Z,10.0,15.712
2013-09-24T11:04:21Z,10.0,15.76
2013-09-24T11:04:21Z,10.0,15.755
2013-09-24T11:43:18Z,10.0,15.72
2013-09-24T11:43:18Z,10.0,15.75
2013-09-24T11:43:18Z,10.0,15.724
2013-09-24T11:43:18Z,10.0,15.753
2013-09-24T12:15:39Z,10.0,15.74
2013-09-24T12:15:39Z,10.0,15.741
2013-10-01T10:08:17Z,10.0,14.46
2013-10-01T10:08:17Z,10.0,14.455
2013-10-01T10:30:06Z,10.0,14.44
2013-10-01T10:30:06Z,10.0,14.442
2013-10-01T10:48:43Z,10.0,14.46
2013-10-01T10:48:43Z,10.0,14.459
2013-10-01T11:00:45Z,10.0,14.45
2013-10-01T11:00:45Z,10.0,14.449
2013-11-05T10:24:16Z,10.0,11.48
2013-11-05T10:24:16Z,10.0,11.478
2013-11-05T10:48:24Z,10.0,11.53
2013-11-05T11:04:41Z,10.0,11.55
2013-11-05T11:04:41Z,10.0,11.546
2013-11-05T11:18:38Z,10.0,11.56
2013-11-05T11:18:38Z,10.0,11.559
2013-11-05T12:00:44Z,10.0,11.61
2013-11-05T12:00:44Z,10.0,11.613
2013-11-05T12:23:13Z,10.0,11.46
2013-11-05T12:23:13Z,10.0,11.45
2013-11-05T12:23:13Z,10.0,11.456
2013-11-05T12:23:13Z,10.0,11.4458
2013-11-05T12:23:13Z,10.0,11.452
2013-11-05T12:23:13Z,10.0,11.451
2013-12-03T10:17:22Z,10.0,7.09
2013-12-03T10:17:22Z,10.0,7.091
2013-12-03T10:39:54Z,10.0,7.1
2013-12-03T10:39:54Z,10.0,7.102
2013-12-03T10:58:39Z,10.0,7.08
2013-12-03T10:58:39Z,10.0,7.075
2013-12-03T11:16:59Z,10.0,7.08
2013-12-03T11:16:59Z,10.0,7.076
2013-12-03T11:26:48Z,10.0,7.08
2013-12-03T11:26:48Z,10.0,7.084
2014-02-25T09:41:38Z,10.0,2.64
2014-02-25T09:41:38Z,10.0,2.641
2014-02-25T10:09:28Z,10.0,2.6
2014-02-25T10:09:28Z,10.0,2.597
2014-02-25T10:27:54Z,10.0,2.6
2014-02-25T10:27:54Z,10.0,2.603
2014-02-25T10:47:48Z,10.0,2.56
2014-02-25T10:47:48Z,10.0,2.562
2014-02-25T10:47:48Z,10.0,2.564
2014-03-05T09:41:08Z,10.0,2.75
2014-03-05T09:41:08Z,10.0,2.752
2014-03-05T10:02:53Z,10.0,2.76
2014-03-05T10:02:53Z,10.0,2.764
2014-03-05T10:19:30Z,10.0,2.84
2014-03-05T10:34:15Z,10.0,2.77
2014-03-05T10:34:15Z,10.0,2.772
2014-04-15T09:54:34Z,10.0,7.44
2014-04-15T10:17:28Z,10.0,7.37
2014-04-15T10:17:28Z,10.0,7.366
2014-04-15T10:38:07Z,10.0,7.45
2014-04-15T10:38:07Z,10.0,7.447
2014-04-15T11:11:26Z,10.0,7.45
2014-04-15T11:11:26Z,10.0,7.446
2014-04-15T11:53:29Z,10.0,7.32
2014-04-15T11:53:29Z,10.0,7.316
2014-04-15T12:09:19Z,10.0,7.33
2014-04-15T12:09:19Z,10.0,7.331
2014-05-07T09:50:38Z,10.0,9.65
2014-05-07T09:50:38Z,10.0,9.646
2014-05-07T10:14:01Z,10.0,9.5
2014-05-07T10:14:01Z,10.0,9.504
2014-05-07T10:29:20Z,10.0,9.38
2014-05-07T10:29:20Z,10.0,9.381
2014-05-07T10:45:09Z,10.0,9.41
2014-05-07T10:45:09Z,10.0,9.407
2014-05-07T10:58:01Z,10.0,9.16
2014-05-07T10:58:01Z,10.0,9.164
2014-06-21T10:23:37Z,10.0,16.9
2014-06-21T10:23:37Z,10.0,16.902
2014-06-21T10:54:36Z,10.0,16.91
2014-06-21T10:54:36Z,10.0,16.913
2014-06-21T11:14:05Z,10.0,16.99
2014-06-21T11:14:05Z,10.0,16.986
2014-06-21T11:54:35Z,10.0,16.65
2014-06-21T11:54:35Z,10.0,16.646
2014-07-08T09:47:10Z,10.0,15.15
2014-07-08T09:47:10Z,10.0,15.149
2014-07-08T10:09:32Z,10.0,15.26
2014-07-08T10:09:32Z,10.0,15.257
2014-07-08T10:27:01Z,10.0,15.24
2014-07-08T10:27:01Z,10.0,15.238
2014-07-08T10:42:42Z,10.0,15.71
2014-07-08T10:42:42Z,10.0,15.709
2014-07-08T10:59:21Z,10.0,15.48
2014-08-28T10:26:01Z,10.0,13.89
2014-08-28T10:26:01Z,10.0,13.886
2014-08-28T10:49:08Z,10.0,13.95
2014-08-28T10:49:08Z,10.0,13.947
2014-08-28T11:03:28Z,10.0,13.92
2014-08-28T11:03:28Z,10.0,13.916
2014-08-28T11:20:17Z,10.0,13.94
2014-08-28T11:20:17Z,10.0,13.939
2014-08-28T11:50:45Z,10.0,14.14
2014-08-28T12:29:01Z,10.0,14.02
2014-08-28T12:29:01Z,10.0,14.015
2014-08-28T12:43:46Z,10.0,14.06
2014-08-28T12:43:46Z,10.0,14.059
2014-09-23T09:43:06Z,10.0,16.55
2014-09-23T09:43:06Z,10.0,16.551
2014-09-23T10:12:16Z,10.0,16.55
2014-09-23T10:12:16Z,10.0,16.551
2014-09-23T10:25:51Z,10.0,16.55
2014-09-23T10:39:30Z,10.0,16.55
2014-09-23T10:56:38Z,10.0,16.53
2014-09-23T10:56:38Z,10.0,16.533
2014-09-23T11:17:46Z,10.0,16.52
2014-09-23T11:54:34Z,10.0,16.5
2014-09-23T11:54:34Z,10.0,16.499
2014-09-23T12:13:31Z,10.0,16.51
2014-09-23T12:13:31Z,10.0,16.507
2014-09-23T12:33:18Z,10.0,16.51
2014-09-23T12:33:18Z,10.0,16.507
2014-09-23T12:33:18Z,10.0,16.506
2014-10-21T10:10:45Z,10.0,14.6
2014-10-21T10:10:45Z,10.0,14.596
2014-10-21T10:30:22Z,10.0,14.6
2014-10-21T10:59:31Z,10.0,14.6
2014-10-21T10:59:31Z,10.0,14.601
2014-10-21T11:26:15Z,10.0,14.6
2014-10-21T12:02:47Z,10.0,14.6
2014-10-21T12:28:24Z,10.0,14.6
2014-10-21T12:51:09Z,10.0,14.61
2014-10-21T12:51:09Z,10.0,14.607
2014-10-21T13:02:27Z,10.0,14.6
2014-10-21T13:02:27Z,10.0,14.604
2014-11-18T09:50:49Z,10.0,11.55
2014-11-18T09:50:49Z,10.0,11.546
2014-11-18T10:11:47Z,10.0,11.5
2014-11-18T10:11:47Z,10.0,11.499
2014-11-18T10:29:02Z,10.0,11.5
2014-11-18T10:29:02Z,10.0,11.498
2014-11-18T10:41:38Z,10.0,11.49
2014-11-18T10:41:38Z,10.0,11.491
2014-11-18T10:52:32Z,10.0,11.5
2014-11-18T10:52:32Z,10.0,11.504
2014-12-16T09:50:52Z,10.0,6.63
2014-12-16T09:50:52Z,10.0,6.631
2014-12-16T10:09:48Z,10.0,6.63
2014-12-16T10:28:02Z,10.0,6.64
2014-12-16T10:28:02Z,10.0,6.636
2014-12-16T10:43:22Z,10.0,6.62
2014-12-16T10:43:22Z,10.0,6.623
2014-12-16T10:51:26Z,10.0,6.62
2014-12-16T10:51:26Z,10.0,6.623
2015-01-06T09:54:24Z,10.0,5.65
2015-01-06T09:54:24Z,10.0,5.649
2015-01-06T10:16:52Z,10.0,5.64
2015-01-06T10:16:52Z,10.0,5.638
2015-01-06T10:37:35Z,10.0,5.63
2015-01-06T10:37:35Z,10.0,5.628
2015-01-06T10:53:10Z,10.0,5.63
2015-01-06T10:53:10Z,10.0,5.625
2015-01-06T11:04:27Z,10.0,5.62
2015-01-06T11:04:27Z,10.0,5.621
2015-02-23T09:52:42Z,10.0,3.68
2015-02-23T09:52:42Z,10.0,3.683
2015-02-23T10:14:36Z,10.0,3.62
2015-02-23T10:14:36Z,10.0,3.615
2015-02-23T10:34:51Z,10.0,3.54
2015-02-23T10:34:51Z,10.0,3.537
2015-02-23T10:50:45Z,10.0,3.59
2015-02-23T10:50:45Z,10.0,3.586
2015-02-23T11:02:49Z,10.0,3.57
2015-02-23T11:02:49Z,10.0,3.571
2015-03-17T10:01:02Z,10.0,4.24
2015-03-17T10:01:02Z,10.0,4.239
2015-03-17T10:23:20Z,10.0,4.28
2015-03-17T10:23:20Z,10.0,4.279
2015-03-17T10:39:25Z,10.0,4.28
2015-03-17T10:39:25Z,10.0,4.281
2015-03-17T11:17:02Z,10.0,4.26
2015-03-17T11:17:02Z,10.0,4.261
2015-03-17T11:50:55Z,10.0,4.27
2015-03-17T11:50:55Z,10.0,4.271
2015-03-17T12:11:35Z,10.0,4.29
2015-03-17T12:11:35Z,10.0,4.292
2015-04-21T09:55:36Z,10.0,6.79
2015-04-21T10:18:27Z,10.0,6.82
2015-04-21T10:18:27Z,10.0,6.816
2015-04-21T10:32:35Z,10.0,6.84
2015-04-21T10:32:35Z,10.0,6.844
2015-04-21T10:53:19Z,10.0,6.71
2015-04-21T10:53:19Z,10.0,6.711
2015-04-21T11:07:44Z,10.0,6.8
2015-04-21T11:07:44Z,10.0,6.795
2015-04-21T11:36:53Z,10.0,6.87
2015-05-12T10:35:59Z,10.0,9.41
2015-05-12T10:35:59Z,10.0,9.406
2015-05-12T10:56:44Z,10.0,9.27
2015-05-12T10:56:44Z,10.0,9.274
2015-05-12T11:13:38Z,10.0,9.31
2015-05-12T11:13:38Z,10.0,9.309
2015-05-12T11:45:25Z,10.0,9.28
2015-05-12T11:45:25Z,10.0,9.277
2015-05-12T11:57:16Z,10.0,9.54
2015-05-12T11:57:16Z,10.0,9.542
2015-06-04T09:48:51Z,10.0,9.57
2015-06-04T09:48:51Z,10.0,9.566
2015-06-04T10:29:06Z,10.0,9.51
2015-06-04T10:29:06Z,10.0,9.508
2015-06-04T10:50:24Z,10.0,9.55
2015-06-04T11:03:45Z,10.0,9.57
2015-06-04T11:03:45Z,10.0,9.567
2015-06-21T10:10:54Z,10.0,14.61
2015-06-21T10:10:54Z,10.0,14.608
2015-06-21T10:45:39Z,10.0,14.52
2015-06-21T10:45:39Z,10.0,14.517
2015-06-21T11:12:21Z,10.0,13.15
2015-06-21T11:12:21Z,10.0,14.446
2015-06-21T11:48:13Z,10.0,14.76
2015-06-21T11:57:30Z,10.0,13.16
2015-06-21T11:57:30Z,10.0,14.607
2015-06-21T12:16:38Z,10.0,14.82
2015-07-14T09:33:48Z,10.0,13.88
2015-07-14T09:33:48Z,10.0,15.495
2015-07-14T09:51:49Z,10.0,13.95
2015-07-14T09:51:49Z,10.0,15.092
2015-07-14T10:06:50Z,10.0,13.93
2015-07-14T10:06:50Z,10.0,15.248
2015-07-14T10:19:53Z,10.0,13.79
2015-07-14T10:19:53Z,10.0,15.076
2015-07-14T10:33:43Z,10.0,13.78
2015-07-14T10:33:43Z,10.0,15.325
2015-07-14T10:42:29Z,10.0,13.74
2015-07-14T10:42:29Z,10.0,15.01
2015-08-04T09:58:41Z,10.0,11.58
2015-08-04T09:58:41Z,10.0,15.016
2015-08-04T10:30:40Z,10.0,11.54
2015-08-04T10:30:40Z,10.0,14.385
2015-08-04T10:54:01Z,10.0,11.55
2015-08-04T10:54:01Z,10.0,14.043
2015-08-04T11:24:53Z,10.0,11.54
2015-08-04T11:24:53Z,10.0,14.8
2015-08-04T11:39:52Z,10.0,14.464
2015-09-10T09:50:23Z,10.0,16.84
2015-09-10T09:50:23Z,10.0,16.883
2015-09-10T10:13:28Z,10.0,16.84
2015-09-10T10:13:28Z,10.0,16.802
2015-09-10T10:27:41Z,10.0,16.83
2015-09-10T10:27:41Z,10.0,16.892
2015-09-10T10:44:40Z,10.0,13.93
2015-09-10T10:44:40Z,10.0,16.86
2015-09-10T10:44:40Z,10.0,16.84
2015-09-10T10:44:40Z,10.0,16.856
2015-09-10T11:09:43Z,10.0,16.9
2015-09-10T11:48:38Z,10.0,16.94
2015-09-10T11:48:38Z,10.0,16.91
2015-09-10T12:14:34Z,10.0,16.92
2015-09-10T12:26:12Z,10.0,14.03
2015-10-15T00:00:00Z,10.0,0.0
2015-11-05T10:06:48Z,10.0,11.45
2015-11-05T10:06:48Z,10.0,11.053
2015-11-05T11:00:10Z,10.0,11.46
2015-11-05T11:00:10Z,10.0,11.063
2015-11-05T11:14:13Z,10.0,11.06
2015-11-05T11:14:13Z,10.0,11.064
2015-11-05T11:14:13Z,10.0,11.062
2015-11-05T11:50:40Z,10.0,11.43
2015-11-05T11:50:40Z,10.0,11.27
2015-11-05T12:10:31Z,10.0,11.61
2015-11-05T12:10:31Z,10.0,11.296
2015-11-05T12:34:54Z,10.0,11.48
2015-11-05T12:34:54Z,10.0,11.257
2015-11-05T12:50:55Z,10.0,11.37
2015-12-08T10:11:04Z,10.0,8.37
2015-12-08T10:11:04Z,10.0,8.374
2015-12-08T10:32:48Z,10.0,8.35
2015-12-08T10:32:48Z,10.0,8.346
2015-12-08T10:47:18Z,10.0,8.36
2015-12-08T10:47:18Z,10.0,8.355
2015-12-08T11:03:18Z,10.0,8.33
2015-12-08T11:03:18Z,10.0,8.333
2015-12-08T11:14:07Z,10.0,8.32
2015-12-08T11:14:07Z,10.0,8.318
2015-12-08T11:46:40Z,10.0,8.43
2015-12-08T11:46:40Z,10.0,8.44
2015-12-08T11:46:40Z,10.0,8.33
2015-12-08T11:46:40Z,10.0,8.434
2015-12-08T11:46:40Z,10.0,8.437
2015-12-08T11:46:40Z,10.0,8.327
2015-12-08T11:58:40Z,10.0,8.24
2015-12-08T11:58:40Z,10.0,8.235
2016-03-08T10:27:07Z,10.0,3.56
2016-03-08T10:27:07Z,10.0,3.559
2016-03-08T10:53:50Z,10.0,3.57
2016-03-08T10:53:50Z,10.0,3.574
2016-03-08T11:12:46Z,10.0,3.57
2016-03-08T11:12:46Z,10.0,3.567
2016-03-08T11:52:07Z,10.0,3.58
2016-03-08T11:52:07Z,10.0,3.575
2016-03-08T12:10:14Z,10.0,3.58
2016-03-08T12:10:14Z,10.0,3.576
2016-04-12T09:46:11Z,10.0,5.58
2016-04-12T09:46:11Z,10.0,5.581
2016-04-12T10:46:02Z,10.0,5.78
2016-04-12T10:46:02Z,10.0,5.784
2016-04-12T11:00:43Z,10.0,5.71
2016-04-12T11:00:43Z,10.0,5.711
2016-04-12T11:17:01Z,10.0,5.68
2016-04-12T11:59:23Z,10.0,5.73
2016-04-12T11:59:23Z,10.0,5.725
2016-05-03T09:40:37Z,10.0,6.73
2016-05-03T09:40:37Z,10.0,6.731
2016-05-03T10:13:03Z,10.0,6.71
2016-05-03T10:13:03Z,10.0,6.712
2016-05-03T10:32:15Z,10.0,6.71
2016-05-03T10:32:15Z,10.0,6.711
2016-05-03T10:47:35Z,10.0,6.72
2016-05-03T10:47:35Z,10.0,6.718
2016-05-03T11:06:30Z,10.0,6.71
2016-05-03T11:06:30Z,10.0,6.708
2016-06-01T09:48:23Z,10.0,11.33
2016-06-01T09:48:23Z,10.0,11.325
2016-06-01T10:10:51Z,10.0,11.5
2016-06-01T10:10:51Z,10.0,11.501
2016-06-01T10:34:51Z,10.0,11.17
2016-06-01T10:34:51Z,10.0,11.165
2016-06-01T10:51:55Z,10.0,11.1
2016-06-01T11:11:15Z,10.0,11.38
2016-07-05T09:50:35Z,10.0,12.91
2016-07-05T09:50:35Z,10.0,12.905
2016-07-05T10:16:01Z,10.0,12.93
2016-07-05T10:33:37Z,10.0,12.98
2016-07-05T10:33:37Z,10.0,12.977
2016-07-05T10:51:55Z,10.0,13.03
2016-07-05T10:51:55Z,10.0,13.028
2016-07-05T11:04:40Z,10.0,12.99
2016-07-05T11:04:40Z,10.0,12.992
2016-08-03T09:39:54Z,10.0,15.54
2016-08-03T09:39:54Z,10.0,15.541
2016-08-03T10:10:28Z,10.0,15.61
2016-08-03T10:10:28Z,10.0,15.613
2016-08-03T10:27:02Z,10.0,15.41
2016-08-03T10:27:02Z,10.0,15.412
2016-08-03T10:42:54Z,10.0,15.27
2016-08-03T10:42:54Z,10.0,15.272
2016-08-03T11:05:09Z,10.0,15.22
2016-08-03T11:05:09Z,10.0,15.218
2016-09-21T10:37:05Z,10.0,17.97
2016-09-21T10:37:05Z,10.0,17.968
2016-09-21T11:06:30Z,10.0,17.93
2016-09-21T11:06:30Z,10.0,17.927
2016-09-21T11:26:59Z,10.0,17.92
2016-09-21T11:26:59Z,10.0,17.923
2016-09-21T11:38:57Z,10.0,18.01
2016-09-21T11:38:57Z,10.0,18.008
2016-09-21T11:53:05Z,10.0,17.95
2016-09-21T11:53:05Z,10.0,17.953
2016-10-19T10:21:13Z,10.0,12.36
2016-10-19T10:21:13Z,10.0,12.355
2016-10-19T10:55:03Z,10.0,12.41
2016-10-19T10:55:03Z,10.0,12.411
2016-10-19T11:14:18Z,10.0,12.46
2016-10-19T11:14:18Z,10.0,12.462
2016-10-19T11:59:21Z,10.0,12.44
2016-10-19T12:25:16Z,10.0,12.46
2016-10-19T12:25:16Z,10.0,12.457
2016-10-19T12:45:29Z,10.0,12.45
2016-10-19T12:45:29Z,10.0,12.447
2016-10-19T13:03:13Z,10.0,12.44
2016-10-19T13:03:13Z,10.0,12.435
2016-11-08T10:02:27Z,10.0,9.57
2016-11-08T10:02:27Z,10.0,9.565
2016-11-08T10:27:27Z,10.0,9.58
2016-11-08T10:27:27Z,10.0,9.576
2016-11-08T10:43:53Z,10.0,9.57
2016-11-08T10:43:53Z,10.0,9.568
2016-11-08T10:59:44Z,10.0,9.55
2016-11-08T10:59:44Z,10.0,9.553
2016-11-08T11:17:08Z,10.0,9.53
2016-11-08T11:17:08Z,10.0,9.534
2016-12-06T09:54:39Z,10.0,6.27
2016-12-06T09:54:39Z,10.0,6.272
2016-12-06T10:20:46Z,10.0,6.32
2016-12-06T10:20:46Z,10.0,6.315
2016-12-06T10:36:01Z,10.0,6.32
2016-12-06T10:36:01Z,10.0,6.319
2016-12-06T10:51:34Z,10.0,6.26
2016-12-06T10:51:34Z,10.0,6.255
2016-12-06T11:02:03Z,10.0,6.29
2016-12-06T11:02:03Z,10.0,6.289
2017-01-10T09:57:46Z,10.0,4.42
2017-01-10T09:57:46Z,10.0,4.423
2017-01-10T10:20:59Z,10.0,4.36
2017-01-10T10:20:59Z,10.0,4.358
2017-01-10T10:37:51Z,10.0,4.36
2017-01-10T10:37:51Z,10.0,4.355
2017-01-10T10:52:05Z,10.0,4.37
2017-01-10T10:52:05Z,10.0,4.372
2017-01-10T11:06:26Z,10.0,4.4
2017-01-10T11:06:26Z,10.0,4.397
2017-01-10T11:44:45Z,10.0,4.39
2017-01-10T11:44:45Z,10.0,4.388
2017-03-13T10:26:42Z,10.0,2.939
2017-03-13T10:50:21Z,10.0,2.935
2017-03-13T11:07:33Z,10.0,2.942
2017-03-13T11:28:36Z,10.0,2.94
2017-03-13T12:10:56Z,10.0,2.915
2017-03-13T12:10:56Z,10.0,2.917
2017-03-13T12:10:56Z,10.0,2.919
2017-03-13T12:10:56Z,10.0,2.921
2017-03-13T12:10:56Z,10.0,2.926
2017-03-13T12:25:06Z,10.0,2.888
2017-03-13T12:39:47Z,10.0,2.908
2017-03-13T13:03:14Z,10.0,2.896
2017-03-13T13:03:14Z,10.0,2.895
2017-03-13T13:03:14Z,10.0,2.9
2017-03-13T13:03:14Z,10.0,2.902
2017-03-13T13:03:14Z,10.0,2.906
2017-04-10T10:35:37Z,10.0,7.143
2017-04-10T11:00:55Z,10.0,7.145
2017-04-10T11:18:51Z,10.0,7.169
2017-04-10T11:52:34Z,10.0,7.183
2017-04-10T12:09:40Z,10.0,7.175
2017-04-10T12:28:21Z,10.0,7.151
2017-04-10T12:36:34Z,10.0,7.176
2017-06-21T10:16:02Z,10.0,14.563
2017-06-21T10:39:36Z,10.0,14.442
2017-06-21T10:54:46Z,10.0,14.493
2017-06-21T11:42:16Z,10.0,14.533
2017-06-21T11:56:30Z,10.0,14.569
2017-06-21T12:13:06Z,10.0,14.584
2017-07-17T10:50:00Z,10.0,15.639
2017-07-17T11:18:04Z,10.0,15.916
2017-07-17T11:36:01Z,10.0,15.55
2017-07-17T12:15:33Z,10.0,15.658
2017-07-17T12:31:21Z,10.0,13.828
2017-07-17T12:51:32Z,10.0,16.076
2017-08-01T09:58:53Z,10.0,17.223
2017-08-01T10:23:34Z,10.0,17.555
2017-08-01T10:40:57Z,10.0,17.295
2017-08-01T10:57:47Z,10.0,17.263
2017-08-01T11:10:48Z,10.0,17.36
2017-08-01T11:47:06Z,10.0,17.08
2017-09-12T09:55:48Z,10.0,14.207
2017-09-12T10:20:29Z,10.0,14.205
2017-09-12T10:36:51Z,10.0,14.181
2017-09-12T10:55:00Z,10.0,14.26
2017-09-12T11:10:28Z,10.0,14.329
2017-09-12T11:25:46Z,10.0,14.381
2017-09-12T11:43:49Z,10.0,14.334
2017-10-24T10:43:32Z,10.0,13.679
2017-10-24T11:06:43Z,10.0,13.656
2017-10-24T11:53:32Z,10.0,13.635
2017-10-24T12:13:18Z,10.0,13.588
2017-10-24T12:31:32Z,10.0,13.638
2017-10-24T12:49:17Z,10.0,13.627
2017-10-24T13:06:51Z,10.0,13.634
2017-11-09T10:36:59Z,10.0,11.277
2017-11-09T11:00:31Z,10.0,11.167
2017-11-09T11:14:51Z,10.0,11.157
2017-11-09T11:49:13Z,10.0,11.172
2017-11-09T12:03:38Z,10.0,11.163
2017-11-09T12:13:58Z,10.0,11.184
2017-12-19T10:05:58Z,10.0,5.572
2017-12-19T10:26:01Z,10.0,7.756
2017-12-19T10:40:43Z,10.0,5.648
2017-12-19T10:55:49Z,10.0,5.76
2017-12-19T11:14:19Z,10.0,5.772
2017-12-19T11:50:02Z,10.0,5.773
2018-01-10T10:05:03Z,10.0,4.611
2018-01-10T10:34:56Z,10.0,4.635
2018-01-10T10:52:08Z,10.0,4.642
2018-01-10T11:17:48Z,10.0,4.593
2018-01-10T11:58:21Z,10.0,4.604
2018-01-10T12:07:35Z,10.0,4.604
2018-01-10T12:07:35Z,10.0,4.602
2018-01-10T12:07:35Z,10.0,4.603
2018-02-20T12:01:42Z,10.0,3.282
2018-02-20T12:24:36Z,10.0,3.269
2018-02-20T12:37:58Z,10.0,3.332
2018-02-20T12:55:43Z,10.0,3.315
2018-02-20T13:07:07Z,10.0,3.299
2018-02-20T13:23:39Z,10.0,3.265
2018-03-26T09:53:23Z,10.0,1.804
2018-03-26T10:37:16Z,10.0,1.568
2018-03-26T10:55:19Z,10.0,1.482
2018-03-26T11:13:08Z,10.0,1.469
2018-03-26T12:07:07Z,10.0,1.402
2018-03-26T12:46:08Z,10.0,1.733
2018-04-18T09:55:01Z,10.0,4.043
2018-04-18T10:16:12Z,10.0,4.061
2018-04-18T10:31:30Z,10.0,4.066
2018-04-18T10:47:14Z,10.0,4.071
2018-04-18T11:02:02Z,10.0,4.048
2018-04-18T11:11:48Z,10.0,4.068
2018-05-08T10:08:43Z,10.0,6.153
2018-05-08T10:30:52Z,10.0,6.176
2018-05-08T10:45:14Z,10.0,6.28
2018-05-08T10:47:14Z,10.0,5.879
2018-05-08T11:13:13Z,10.0,6.364
2018-05-08T11:23:24Z,10.0,6.261
2018-06-21T10:16:12Z,10.0,7.849
2018-06-21T10:42:38Z,10.0,8.752
2018-06-21T10:59:17Z,10.0,8.434
2018-06-21T11:19:03Z,10.0,8.785
2018-06-21T11:36:23Z,10.0,8.174
2018-08-01T10:16:39Z,10.0,21.757
2018-08-01T10:39:46Z,10.0,17.735
2018-08-01T10:53:20Z,10.0,17.595
2018-08-01T11:53:36Z,10.0,17.963
2018-08-01T12:09:36Z,10.0,17.71
2018-08-01T12:24:41Z,10.0,17.982
2018-08-01T12:42:30Z,10.0,18.082
2018-08-01T13:09:52Z,10.0,17.656
2018-09-20T10:21:47Z,10.0,16.991
2018-09-20T10:48:10Z,10.0,16.916
2018-09-20T11:04:28Z,10.0,16.928
2018-09-20T11:53:08Z,10.0,16.891
2018-09-20T12:17:34Z,10.0,16.905
2018-09-20T12:46:15Z,10.0,16.905
2018-10-18T10:08:40Z,10.0,13.722
2018-10-18T10:45:59Z,10.0,13.7
2018-10-18T10:48:10Z,10.0,13.689
2018-10-18T11:21:16Z,10.0,13.661
2018-10-18T11:53:08Z,10.0,13.684
2018-11-13T10:03:27Z,10.0,10.781
2018-11-13T10:27:48Z,10.0,10.752
2018-11-13T10:45:13Z,10.0,10.787
2018-11-13T10:57:50Z,10.0,10.757
2018-11-13T11:12:42Z,10.0,10.716
2018-11-13T11:54:37Z,10.0,10.682
2018-12-12T10:09:15Z,10.0,6.505
2018-12-12T10:35:04Z,10.0,6.491
2018-12-12T10:50:00Z,10.0,6.496
2018-12-12T11:07:08Z,10.0,6.487
2018-12-12T11:50:13Z,10.0,6.482
2019-02-26T10:09:01Z,10.0,3.7
2019-02-26T10:33:56Z,10.0,3.7
2019-02-26T10:50:50Z,10.0,3.707
2019-02-26T11:11:55Z,10.0,3.675
2019-02-26T11:58:55Z,10.0,3.669
2019-03-20T09:53:38Z,10.0,4.75
2019-03-20T10:17:51Z,10.0,4.748
2019-03-20T10:34:49Z,10.0,4.748
2019-03-20T11:00:00Z,10.0,4.748
2019-03-20T11:57:22Z,10.0,4.755
2019-04-24T10:43:49Z,10.0,8.473
2019-04-24T11:15:19Z,10.0,8.443
2019-04-24T12:06:21Z,10.0,8.394
2019-04-24T12:23:28Z,10.0,8.449
2019-05-28T10:24:20Z,10.0,10.03
2019-05-28T10:54:29Z,10.0,10.081
2019-05-28T11:10:08Z,10.0,10.441
2019-05-28T11:57:12Z,10.0,10.354
2019-05-28T12:29:49Z,10.0,10.397
2019-06-26T11:24:30Z,10.0,13.724
2019-06-26T11:59:54Z,10.0,13.901
2019-06-26T12:15:33Z,10.0,13.9714
2019-06-26T12:30:51Z,10.0,13.955
2019-07-31T10:10:16Z,10.0,18.519
2019-07-31T10:41:58Z,10.0,18.647
2019-07-31T11:04:05Z,10.0,18.608
2019-07-31T12:00:36Z,10.0,18.596
2019-10-29T10:39:15Z,10.0,12.19
2019-10-29T11:13:01Z,10.0,12.206
2019-10-29T11:56:36Z,10.0,12.163
2019-10-29T12:17:05Z,10.0,12.173
2019-11-19T09:52:02Z,10.0,10.122
2019-11-19T10:19:22Z,10.0,10.155
2019-11-19T10:37:08Z,10.0,10.147
2019-11-19T10:58:27Z,10.0,10.138
2019-11-19T12:03:55Z,10.0,10.159
2020-01-07T09:40:11Z,10.0,5.961
2020-01-07T10:08:12Z,10.0,5.961
2020-01-07T10:51:09Z,10.0,5.98
2020-01-07T10:58:24Z,10.0,5.98
2020-01-07T11:52:14Z,10.0,6.13
2020-01-07T12:25:53Z,10.0,6.015
2020-03-03T09:49:32Z,10.0,5.127
2020-03-03T10:03:49Z,10.0,5.135
2020-03-03T10:19:21Z,10.0,5.139
2020-03-03T10:22:40Z,10.0,7.816
2020-03-03T10:22:40Z,10.0,7.809
2020-03-03T10:22:40Z,10.0,7.818
2020-03-03T11:05:32Z,10.0,5.14
2020-03-03T11:41:37Z,10.0,5.142
2020-04-28T09:41:24Z,10.0,7.943
2020-04-28T10:30:43Z,10.0,8.014
2020-04-28T10:43:44Z,10.0,8.064
2020-04-28T11:03:27Z,10.0,8.117
2020-04-28T11:27:11Z,10.0,8.175
2020-05-19T09:41:45Z,10.0,11.212
2020-05-19T10:10:00Z,10.0,11.245
2020-05-19T10:29:13Z,10.0,11.209
2020-05-19T10:51:26Z,10.0,11.077
2020-05-19T11:11:06Z,10.0,11.117
2020-06-09T09:45:21Z,10.0,10.705
2020-06-09T10:11:49Z,10.0,12.547
2020-06-09T10:47:11Z,10.0,12.528
2020-06-09T11:02:23Z,10.0,12.28
2020-06-09T11:54:44Z,10.0,12.696
2020-06-09T12:16:14Z,10.0,12.674
2020-07-01T10:08:28Z,10.0,14.436
2020-07-01T10:34:21Z,10.0,14.295
2020-07-01T10:52:30Z,10.0,14.272
2020-07-01T11:08:02Z,10.0,14.428
2020-07-01T11:23:31Z,10.0,14.473
2020-07-30T10:31:34Z,10.0,13.999
2020-07-30T10:52:40Z,10.0,14.262
2020-07-30T11:08:46Z,10.0,14.239
2020-07-30T11:26:13Z,10.0,14.222
2020-07-30T11:48:12Z,10.0,14.026
2020-09-15T07:41:17Z,10.0,15.178
2020-09-15T08:02:57Z,10.0,13.139
2020-09-15T08:19:16Z,10.0,15.226
2020-09-15T08:39:13Z,10.0,14.801
2020-09-15T08:54:56Z,10.0,14.801
2020-09-15T09:06:07Z,10.0,14.748
2020-10-16T08:12:09Z,10.0,13.239
2020-10-16T08:34:52Z,10.0,13.245
2020-10-16T08:49:29Z,10.0,13.225
2020-10-16T09:04:59Z,10.0,13.204
2020-10-16T09:17:10Z,10.0,13.23
2021-02-17T09:23:33Z,10.0,1.728
2021-02-17T09:53:03Z,10.0,1.67
2021-02-17T10:11:46Z,10.0,1.81
2021-02-17T10:55:13Z,10.0,1.796
2021-03-16T09:18:53Z,10.0,2.968
2021-04-07T07:58:18Z,10.0,4.712
2021-04-07T08:24:15Z,10.0,4.714
2021-04-07T08:38:42Z,10.0,4.706
2021-04-07T08:58:47Z,10.0,4.708
2021-04-07T09:18:18Z,10.0,4.715
2021-05-26T09:54:48Z,10.0,8.316
2021-05-26T11:11:59Z,10.0,8.248
2021-05-26T11:30:43Z,10.0,8.303
2021-05-26T11:42:34Z,10.0,8.256
2021-06-09T10:43:50Z,10.0,15.088
2021-06-09T11:13:46Z,10.0,15.166
2021-06-09T11:28:03Z,10.0,15.052
2021-06-09T11:50:41Z,10.0,15.199
2021-07-20T09:57:53Z,10.0,21.015
2021-07-20T10:17:27Z,10.0,21.015
2021-07-20T10:38:51Z,10.0,21.015
2021-09-01T10:09:53Z,10.0,16.666
2021-10-06T09:57:39Z,10.0,14.705
2021-11-03T10:48:46Z,10.0,12.28
2022-02-02T09:43:53Z,10.0,4.607
2022-03-02T09:30:50Z,10.0,4.33
2022-04-12T08:57:10Z,10.0,5.535
2022-05-03T08:53:34Z,10.0,6.934
2022-05-03T09:29:44Z,10.0,7.365
2022-05-03T09:29:44Z,10.0,6.894
2022-05-03T09:29:44Z,10.0,7.344
2022-05-03T09:29:44Z,10.0,7.477
2022-07-12T07:42:33Z,10.0,15.738
2022-07-12T07:42:33Z,10.0,15.537
2022-07-12T07:42:33Z,10.0,15.655
2022-07-12T07:42:33Z,10.0,15.994
2022-07-12T07:42:33Z,10.0,16.074
2022-08-30T07:46:11Z,10.0,19.972
2022-08-30T08:21:51Z,10.0,19.966
2022-08-30T08:58:18Z,10.0,19.959
2022-08-30T09:19:52Z,10.0,19.959
2022-08-30T10:06:00Z,10.0,19.95
2022-09-28T07:41:40Z,10.0,16.167
2022-09-28T08:08:51Z,10.0,16.174
2022-09-28T08:27:55Z,10.0,16.16
2022-09-28T08:47:23Z,10.0,16.15
2022-09-28T09:08:19Z,10.0,16.153
2022-10-11T07:46:58Z,10.0,14.889
2022-10-11T08:18:40Z,10.0,14.899
2022-10-11T08:35:37Z,10.0,14.894
2022-10-11T09:08:00Z,10.0,14.844
2022-11-09T07:58:03Z,10.0,12.725
2022-11-09T08:02:05Z,10.0,12.731
2022-11-09T08:17:07Z,10.0,12.747
2022-11-09T08:31:32Z,10.0,12.747
2022-11-09T09:02:33Z,10.0,12.723
2022-11-09T09:26:34Z,10.0,12.706
2022-12-08T09:34:44Z,10.0,6.806
2022-12-08T09:44:20Z,10.0,6.822
2022-12-08T10:11:18Z,10.0,6.818
2022-12-08T10:28:38Z,10.0,6.818
2022-12-08T10:44:30Z,10.0,6.806
2023-01-26T08:44:51Z,10.0,4.871
2023-01-26T09:32:03Z,10.0,4.865
2023-01-26T10:03:14Z,10.0,4.897
2023-01-26T10:25:47Z,10.0,4.853
2023-02-15T07:42:33Z,10.0,4.298
2023-02-15T07:42:33Z,10.0,4.281
2023-02-15T07:42:33Z,10.0,4.276
2023-02-15T07:42:33Z,10.0,4.269
2023-02-15T07:42:33Z,10.0,4.266
2023-02-15T07:42:33Z,10.0,4.273
2023-03-20T07:42:33Z,10.0,4.376
2023-03-20T07:42:33Z,10.0,4.325
2023-03-20T07:42:33Z,10.0,4.318
2023-03-20T07:42:33Z,10.0,4.338
2023-03-20T07:42:33Z,10.0,4.348
